"FB","AAPL","MSFT","GOOG","AMZN"
28,19.608213,27.620001,360.274597,257.309998
27.77,19.360714,27.25,360.483826,258.480011
28.76,18.821428,26.74,367.607117,259.149994
29.42,18.710714,26.690001,366.003143,268.459991
29.059999,18.76107,26.549999,365.280823,266.380005
30.59,18.467857,26.700001,367.681824,266.350006
31.299999,18.696787,26.459999,369.35556,265.339996
31.719999,18.582144,26.83,368.613342,267.940002
30.950001,17.919643,26.889999,360.274597,272.730011
30.1,17.354286,27.209999,361.111481,271.899994
29.85,18.074642,27.040001,356.259644,268.929993
30.139999,17.952856,27.25,354.331879,270.480011
29.66,17.857143,27.25,350.939606,272.119995
30.73,18.0275,27.15,350.12265,270.190002
30.82,18.3575,27.610001,369.36554,268.109985
31.08,16.089287,27.629999,375.696808,273.459991
31.540001,15.71,27.879999,375.427795,283.98999
32.470001,16.065357,27.91,373.963287,276.040009
30.790001,16.366785,28.01,375.4328,260.350006
31.24,16.315357,27.85,375.507507,272.76001
30.98,16.2675,27.450001,376.434021,265.5
29.73,16.200714,27.93,386.351868,265
28.110001,15.797143,27.440001,378.092804,259.980011
28.639999,16.351429,27.5,381.440277,266.890015
29.049999,16.333929,27.34,383.647003,262.220001
28.65,16.722143,27.280001,385.529938,260.230011
28.549999,16.963572,27.549999,391.218628,261.950012
28.26,17.140356,27.860001,389.749115,257.209991
27.370001,16.710714,27.879999,388.892334,258.700012
27.91,16.678928,28.030001,389.968292,269.470001
28.5,16.663929,28.040001,392.439056,269.23999
28.32,16.434286,28.01,394.964569,265.089996
28.93,16.428213,28.049999,401.918518,269.75
28.459999,16.030357,27.870001,394.750366,266.410004
27.280001,15.930714,27.49,396.279633,265.940002
27.129999,16.100357,27.76,398.361847,265.420013
27.27,15.814286,27.370001,393.908539,259.869995
27.389999,16.034643,27.370001,393.589722,259.359985
26.870001,15.8775,27.809999,398.396698,263.25
27.25,15.764286,27.799999,399.104065,264.269989
27.780001,15.373929,27.950001,401.589752,265.73999
27.719999,15.001786,28.15,409.216156,273.109985
27.52,15.397857,28.35,417.734222,275.589996
27.450001,15.202143,28.09,414.137695,273.790009
28.58,15.377857,28.139999,414.745422,273.880005
27.959999,15.418571,28,414.207458,274.190002
28.139999,15.638214,27.870001,415.851288,271.23999
27.83,15.301071,27.91,412.259735,274.130005
27.08,15.298214,27.92,411.114044,275.100006
27.040001,15.446429,28.139999,409.236084,265.73999
26.65,15.845,28.040001,405.629608,261.820007
26.49,16.275715,28.1,402.386749,257.890015
26.549999,16.231787,28.18,404.145172,256.410004
25.860001,16.145714,28.32,405.833832,257.279999
25.74,16.168928,28.110001,404.115265,253.389999
25.73,16.496786,28.25,403.642059,257.75
25.129999,16.556429,28.16,403.308289,256.019989
25.209999,16.469286,28.16,404.693115,260.309998
26.09,16.145714,28.370001,399.831329,265.299988
25.58,15.809286,28.610001,395.612152,266.48999
25.530001,15.318214,28.610001,399.099091,261.609985
25.42,15.349643,28.799999,405.001953,263.320007
26.25,15.428214,28.559999,401.594727,259.029999
27.07,15.275714,28.6,396.050507,259.079987
27.389999,15.114286,28.700001,390.062958,255.479996
26.85,15.221786,28.59,385.978271,258.950012
26.59,15.249286,29.610001,387.373016,261.140015
27.57,15.560357,30.280001,393.614624,264.769989
28.02,15.511786,28.940001,393.719238,269.850006
27.4,15.35,28.790001,393.549866,272.869995
26.52,14.994643,28.690001,389.505035,267.720001
26.92,15.222857,28.969999,395.203674,272.339996
26.629999,14.385714,28.83,389.818878,267.399994
25.690001,14.001786,28.790001,381.524963,259.420013
25.73,13.9475,29.77,398.441528,260.320007
25.969999,14.238214,30.83,398.561096,263.549988
25.98,14.504643,30.6,402.441559,268.899994
26.110001,14.480714,31.76,405.206177,268.779999
26.139999,14.585,31.940001,403.039307,274.700012
26.85,14.9,31.790001,399.213654,254.809998
26.98,15.361429,32.610001,408.000702,249.740005
27.77,15.813571,33.099998,410.745422,253.809998
27.43,15.688929,32.720001,408.683167,248.229996
28.969999,15.911429,33.16,413.256012,252.550003
28.309999,16.070715,33.490002,421.280945,258.049988
27.57,16.45393,33.75,429.166382,255.720001
26.889999,16.380714,33.310001,427.014435,257.730011
27.120001,16.565714,32.990002,435.183838,258.679993
27.040001,16.313213,32.66,434.112854,260.160004
26.68,16.1775,32.689999,438.471497,263.630005
26.82,16.240713,33.029999,437.126556,264.51001
27.07,15.852143,33.529999,441.893677,268.329987
26.6,15.316071,33.849998,456.234924,266.559998
26.129999,15.520714,34.080002,450.247375,264.119995
26.25,15.473571,34.869999,452.892456,269.899994
25.76,15.818929,35.080002,452.568665,267.630005
25.66,15.702143,34.849998,451.791565,268.859985
25.16,15.7625,34.610001,443.049347,262.959991
25.059999,15.790714,34.150002,439.746735,261.799988
24.309999,15.898214,34.27,435.029388,261.73999
24.1,15.765714,35.02,438.989563,267.290009
23.32,15.891071,34.880001,432.533752,265.529999
24.549999,16.127857,35.029999,433.754181,266.829987
24.35,16.061787,34.900002,433.983337,269.200012
23.85,16.097143,35.59,432.195038,266.880005
23.52,16.046785,34.990002,427.945953,265.700012
22.9,15.896786,34.779999,428.244843,267.170013
22.969999,15.659286,34.959999,430.705597,267.829987
23.290001,15.778929,35.669998,438.222443,276.869995
24.33,15.674643,35.470001,443.447845,281.070007
24.030001,15.628571,34.84,438.262299,274.779999
23.77,15.435357,35,434.361908,271.670013
23.73,15.57,34.720001,436.862518,275.790009
23.629999,15.358929,34.400002,435.8862,273.98999
24.02,15.428571,35,441.470276,278.059998
24.209999,15.420357,34.98,448.628418,281.76001
24.309999,15.107143,34.59,448.658325,278.160004
23.9,14.887143,33.490002,440.718079,273.440002
24.530001,14.767857,33.27,438.82019,273.359985
23.940001,14.376429,33.720001,433.270996,270.609985
24.25,14.379643,33.669998,431.482697,272.089996
24.16,14.216786,34.349998,435.193787,277.570007
24.66,14.063571,34.619999,436.8974,277.549988
24.879999,14.161786,34.540001,438.541229,277.690002
24.809999,14.615,34.360001,442.282227,282.100006
24.41,14.946071,33.939999,439.507629,283.730011
24.52,15.028571,34.009998,441.559937,284.029999
24.370001,14.907857,34.209999,445.076752,285.880005
24.709999,14.823214,34.330002,450.855072,290.589996
25.48,15.083929,34.349998,450.92981,291.529999
25.799999,15.026071,34.700001,451.303406,292.329987
25.809999,15.260357,35.689999,458.401794,299.660004
25.91,15.2325,35.669998,459.776642,307.549988
26.280001,15.265714,36.169998,460.6185,306.570007
26.32,15.364286,36.27,458.087982,306.869995
26.65,15.368214,35.740002,457.559967,308.690002
26.18,15.42,35.439999,453.639648,304.109985
25.879999,15.176786,31.4,446.625946,305.230011
26.049999,15.225357,32.009998,453.649597,303.480011
26.129999,14.963929,31.82,450.212494,301.059998
26.51,15.7325,31.959999,449.76416,298.940002
34.360001,15.660714,31.389999,442.192566,303.399994
34.009998,15.749643,31.620001,441.021942,312.01001
35.43,15.9925,31.540001,439.487701,306.100006
37.630001,16.190001,31.85,443.796539,302.410004
36.799999,16.161785,31.84,442.217468,301.220001
37.490002,16.309999,31.67,450.421722,305.570007
38.049999,16.519285,31.889999,451.592316,304.209991
39.189999,16.766071,31.700001,450.810242,300.98999
38.549999,16.616072,31.58,446.610992,300.75
38.869999,16.606428,32.060001,443.662048,296.910004
38.540001,16.464643,32.889999,444.6633,295.73999
38.5,16.230356,32.700001,443.54248,297.26001
38.220001,16.691429,32.869999,441.101654,296.690002
37.02,17.484644,32.23,438.979584,293.970001
36.650002,17.803572,32.349998,433.280945,291.339996
36.560001,17.782499,31.790001,428.224915,286.470001
37.080002,17.940357,31.799999,426.855042,284.820007
37.810001,18.133572,31.389999,431.20871,285.570007
38.41,17.895357,31.620001,431.094147,287.089996
38.32,17.941429,31.610001,433.04184,284.570007
38.549999,17.962856,32.389999,435.223663,289.730011
40.549999,17.893572,34.75,433.480225,290.01001
41.34,17.963215,34.150002,431.577332,286.209991
39.639999,17.449642,33.259998,423.487671,280.929993
40.549999,17.532143,33.02,422.690643,281.579987
41.279999,17.560715,33.549999,426.117798,283.980011
41.290001,17.400715,33.400002,421.868744,280.980011
41.869999,17.449286,31.879999,428.583557,288.799988
41.779999,17.810356,31.200001,434.187561,293.640015
42.66,17.688213,31.23,438.137756,294.100006
43.950001,17.793571,31.15,438.147705,295.859985
44.040001,18.077499,31.66,442.366913,299.709991
43.599998,17.665714,32.389999,442.675751,300.359985
45.040001,16.70393,32.740002,446.421692,299.640015
44.75,16.881786,32.689999,444.862549,298.859985
44.310001,16.603571,33.029999,442.875,297.920013
42.509998,16.075714,32.799999,442.222443,296.059998
45.07,16.261429,32.93,441.400513,304.170013
45.23,16.595715,33.32,449.973389,312.029999
45.98,16.867857,33.639999,447.517609,312.059998
47.490002,16.693214,32.790001,449.868774,316.339996
47.189999,17.522858,32.740002,441.594788,311.48999
48.450001,17.467857,32.450001,441.76416,314.130005
49.459999,17.1975,32.509998,436.977112,312.649994
50.389999,17.365,32.77,437.445343,318.119995
51.240002,17.241072,33.27,436.558685,316.01001
50.23,17.026787,33.279999,436.31958,312.640015
50.419998,17.427143,33.580002,441.843872,320.950012
50.279999,17.484285,33.919998,442.337006,320.51001
49.18,17.264643,33.860001,436.409241,314.76001
51.040001,17.251072,33.880001,434.546204,319.040009
50.52,17.419643,33.299999,431.253571,310.029999
47.139999,17.17643,33.009998,425.241089,303.230011
46.77,17.378214,33.07,426.332001,298.230011
49.049999,17.487143,33.759998,432.498901,305.170013
49.110001,17.600357,34.130001,434.366882,310.890015
49.509998,17.715714,34.450001,436.419189,310.700012
49.5,17.809999,34.490002,439.358185,306.399994
51.139999,17.896786,34.639999,447.338257,310.48999
52.209999,18.017857,34.919998,442.735504,310.769989
54.220001,18.174643,34.959999,503.816559,328.929993
53.849998,18.620001,34.990002,499.776703,326.440002
52.68,18.566786,34.580002,501.619812,332.540009
51.900002,18.748571,33.759998,513.779236,326.76001
52.450001,18.996786,33.720001,510.860168,332.209991
51.950001,18.784286,35.73,505.704498,363.390015
50.23,18.924286,35.57,505.604858,358.160004
49.400002,18.452856,35.52,516.185181,362.700012
49.009998,18.746429,35.540001,513.286072,361.079987
50.209999,18.667856,35.41,513.365784,364.029999
49.75,18.5725,35.529999,511.602386,359
48.220001,18.8125,35.939999,511.13913,358.73999
50.110001,18.766071,36.639999,508.852692,358.890015
49.119999,18.604286,38.18,509.465393,356.179993
47.560001,18.303213,37.5,502.093018,343.559998
47.529999,18.591429,37.779999,506.11795,350.309998
46.200001,18.5375,37.59,503.408112,354.380005
46.610001,18.571787,37.360001,504.000885,349.529999
48.709999,18.593929,38.16,514.307251,356.220001
48.990002,18.862858,38.02,515.682068,367.399994
49.009998,18.749643,37.84,514.85022,369.170013
45.830002,18.522499,37.200001,513.848938,366.179993
46.360001,18.555357,36.740002,510.685822,364.940002
46.43,18.392857,37.080002,509.246216,362.570007
46.700001,18.612143,37.400002,515.104248,368.920013
46.23,18.564285,37.57,514.018311,372.309998
44.82,18.705,37.639999,521.012146,376.640015
45.889999,19.049999,37.349998,527.228821,381.369995
46.490002,19.498571,37.599998,529.570068,386.709991
47.009998,19.859644,38.130001,527.816589,393.619995
47.060001,19.686787,38.450001,525.271179,392.299988
46.73,20.225714,38.310001,524.663452,384.660004
48.619999,20.178572,38.939999,527.114258,385.959991
48.34,20.282143,38,526.695801,384.48999
47.939999,20.000713,38.360001,532.937439,386.950012
48.84,20.229643,38.709999,537.057007,384.890015
50.25,20.198214,38.110001,540.30481,387.779999
49.380001,20.048571,37.610001,536.633545,382.190002
51.830002,20.019285,37.220001,532.982239,381.25
53.32,19.801071,36.689999,528.414368,384.23999
53.810001,19.910713,36.889999,534.486633,388.970001
54.860001,19.821072,36.52,532.932434,387.649994
55.57,19.670357,36.580002,540.349609,395.959991
55.049999,19.445,36.25,541.081909,395.190002
55.119999,19.607857,36.799999,548.255005,402.200012
57.77,20.360357,36.619999,555.467957,402.920013
57.959999,20.27393,37.080002,553.844055,399.200012
57.73,20.139286,37.439999,556.643555,404.390015
55.439999,20.003214,37.290001,557.111816,398.079987
53.709999,19.804285,37.290001,552.658508,393.369995
54.650002,20.036428,37.41,558.262512,398.790009
54.709999,19.754642,37.16,554.481689,397.970001
54.560001,19.320715,36.91,550.436829,396.440002
57.200001,19.426071,36.130001,556.573853,393.630005
57.919998,19.287144,36.41,567.303589,398.029999
58.23,19.409286,35.759998,568.484192,401.920013
57.220001,19.161428,35.529999,563.009705,401.01001
57.939999,19.033571,36.040001,562.979797,397.660004
55.91,19.133215,34.98,559.39325,390.980011
57.740002,19.513929,35.779999,572.553955,397.540009
57.599998,19.905714,36.759998,572.165405,395.869995
57.189999,19.794643,36.889999,575.951172,395.799988
56.299999,19.309643,36.380001,573.116821,399.609985
58.509998,19.609644,36.169998,579.677246,407.049988
57.509998,19.696787,35.93,580.334778,404.540009
56.630001,19.863571,36.060001,577.883972,399.869995
54.450001,19.502501,36.810001,559.81665,387.600006
53.549999,19.660713,36.029999,548.558838,386.279999
55.139999,18.089287,36.27,559.408203,394.429993
53.529999,17.883928,36.66,551.39325,384.200012
61.080002,17.849285,36.860001,565.575073,403.01001
62.57,17.878571,37.84,588.279968,358.690002
61.48,17.911785,36.48,564.598755,346.149994
62.75,18.17107,36.349998,566.954895,347.950012
62.189999,18.306786,35.82,569.465515,346.450012
62.16,18.303928,36.18,577.814209,354.589996
64.32,18.559999,36.560001,586.521545,361.079987
63.549999,18.8925,36.799999,584.275024,360.869995
64.849998,19.14143,37.169998,592.867798,361.790009
64.449997,19.139999,37.470001,591.129272,349.25
67.330002,19.44393,37.610001,597.709656,357.200012
67.089996,19.428213,37.619999,599.154236,357.350006
67.300003,19.499643,37.419998,603.179138,353.649994
68.059998,19.191786,37.509998,598.92511,347.380005
69.629997,18.969643,37.75,599.806763,349.799988
68.589996,18.758928,37.98,599.6474,346.76001
70.779999,18.84107,37.689999,603.991089,351.779999
69.849998,18.645,37.540001,607.722107,358.320007
69.260002,18.476786,37.470001,607.806763,359.799988
68.940002,18.845358,37.860001,607.328613,360.130005
68.459999,18.794287,38.310001,605.555237,362.100006
67.410004,18.848572,37.779999,599.099426,359.779999
68.800003,18.972857,38.41,605.186584,363.899994
71.57,19.012857,38.110001,606.855347,372.369995
70.839996,18.955357,38.150002,607.527832,372.160004
69.800003,18.944286,37.900002,605.126831,372.059998
72.029999,18.96143,37.82,603.522827,370.529999
70.099998,19.14607,38.02,597.754456,368.820007
70.879997,19.164642,38.27,601.395813,370.640015
68.830002,18.951786,37.889999,592.309875,371.51001
67.720001,18.73893,37.700001,584.210266,373.73999
68.739998,18.812143,38.049999,593.824219,375.040009
69.190002,18.978571,39.549999,603.368408,378.769989
68.239998,18.973572,39.27,597.385864,373.230011
66.970001,18.882143,40.330002,596.344727,368.970001
67.239998,19.031071,40.16,589.311096,360.619995
64.099998,19.256786,40.5,576.802979,351.850006
64.889999,19.463928,40.34,577.196533,354.709991
60.389999,19.277857,39.790001,563.87146,343.410004
60.970001,19.195,39.360001,556.930969,338.470001
60.009998,19.173571,40.299999,558.456787,338.290009
60.240002,19.169287,40.990002,555.445007,336.369995
62.619999,19.344643,41.419998,565.607117,342.98999
62.720001,19.376785,41.349998,565.447571,341.959991
59.490002,19.2425,41.009998,568.180054,333.619995
56.75,18.99357,39.869999,541.652893,323
56.950001,18.695356,39.799999,536.676575,317.76001
58.189999,18.694286,39.82,553.380676,327.070007
62.41,18.940001,40.470001,562.595398,331.809998
59.16,18.695715,39.360001,539.468872,317.109985
58.529999,18.557501,39.209999,529.147217,311.730011
58.889999,18.63143,39.18,531.061951,315.910004
59.09,18.498571,39.75,534.971252,316.079987
59.720001,18.536072,40.400002,555.016174,323.679993
58.939999,18.747856,40.009998,534.632141,324.910004
61.240002,18.970358,39.939999,527.172668,330.869995
63.029999,18.989286,39.990002,533.345703,329.320007
61.360001,18.741072,39.689999,525.497253,324.579987
60.869999,20.2775,39.860001,523.722107,337.149994
57.709999,20.42643,39.91,514.766724,303.829987
56.139999,21.217501,40.869999,515.73407,296.579987
58.150002,21.154642,40.509998,526.255188,300.380005
59.779999,21.074642,40.400002,525.218018,304.130005
61.150002,21.124287,40,529.895203,307.890015
60.459999,21.16357,39.689999,526.484558,308.01001
61.220001,21.462856,39.43,526.364868,310.049988
58.529999,21.22893,39.060001,513.729553,297.380005
57.389999,21.154642,39.419998,508.563751,292.709991
56.759998,20.999643,39.639999,509.600891,288.320007
57.240002,20.912144,39.540001,517.309753,292.23999
59.830002,21.172501,39.970001,528.469116,302.859985
59.830002,21.205713,40.419998,531.630432,304.640015
59.23,21.209642,40.240002,525.208069,297.619995
57.919998,21.029285,39.599998,518.556274,295.190002
58.02,21.339643,39.830002,519.204529,297.700012
59.209999,21.592501,39.75,527.411987,296.76001
58.560001,21.596786,39.68,528.319519,301.190002
60.490002,21.653929,40.349998,537.464417,305.01001
60.52,21.688213,40.099998,543.567627,304.910004
61.349998,21.933214,40.119999,551.186707,312.23999
63.48,22.343929,40.189999,564.400452,310.820007
63.509998,22.286072,40.009998,560.142151,310.160004
63.830002,22.692142,40.34,558.546509,313.779999
63.299999,22.607143,40.939999,558.357056,312.549988
63.080002,22.451786,40.790001,552.41333,308.839996
62.869999,22.769285,40.290001,543.447937,307.190002
63.34,23.029285,40.32,543.168701,306.779999
63.189999,23.119642,41.209999,552.383423,323.570007
62.5,23.05607,41.48,554.806763,329.670013
62.880001,23.424999,41.27,560.580933,327.5
65.769997,23.5625,41.110001,559.015198,332.410004
65.779999,23.465,40.860001,557.309875,335.200012
64.290001,23.0725,40.580002,549.840393,325.910004
64.5,22.82,41.23,550.249268,326.269989
64.190002,23.049999,41.5,542.789795,327.619995
64.400002,23.02,41.68,541.523254,325.619995
65.599998,23.045,41.650002,551.854858,334.380005
64.339996,22.965,41.509998,553.380676,327
64.5,22.727501,41.68,554.83667,324.200012
65.370003,22.7075,41.990002,563.403198,327.23999
65.720001,22.57,41.75,563.074097,324.160004
67.440002,22.59,42.029999,577.065674,327.440002
67.129997,22.725,41.720001,574.422913,325.690002
67.599998,22.995001,42.25,575.659546,324.570007
67.290001,23.2325,41.700001,573.704895,324.779999
68.059998,23.379999,41.869999,581.074646,332.390015
66.449997,23.370001,41.900002,580.740601,332.850006
66.290001,23.5075,41.799999,583.129028,337.48999
65.290001,23.9925,41.990002,580.655823,333.549988
62.759998,23.8375,41.779999,569.526367,323.809998
64.970001,23.8475,41.669998,574.502686,329.970001
64.870003,23.76,41.689999,569.536316,327.920013
66.339996,23.805,42.09,577.594238,346.200012
67.900002,24.112499,42.139999,583.268616,355.320007
67.169998,23.83,42.450001,583.178894,354.440002
67.660004,23.695,44.080002,581.064697,355.899994
66.410004,23.272499,44.529999,572.159119,352.450012
68.419998,23.6075,44.689999,593.450684,358.660004
69.400002,23.485001,44.84,587.856018,359.76001
69.269997,23.68,44.830002,593.111633,360.839996
71.290001,24.297501,44.869999,594.348206,358.140015
74.980003,24.2575,44.400002,591.725403,358.609985
75.190002,24.4175,44.5,587.407288,324.01001
74.919998,24.754999,43.970001,588.982971,320.410004
73.709999,24.594999,43.889999,584.006592,320
74.68,24.5375,43.580002,585.811646,322.51001
72.650002,23.9,43.16,570.034973,312.98999
72.360001,24.032499,42.860001,564.520081,307.059998
73.510002,23.897499,43.369999,571.58075,313.649994
72.690002,23.780001,43.080002,563.522827,312.320007
72.470001,23.74,42.740002,564.823303,313.890015
73.169998,23.620001,43.23,561.817505,311.450012
73.059998,23.684999,43.200001,567.212708,316.799988
73.440002,23.997499,43.200001,566.325134,318.329987
72.830002,23.9925,43.52,561.18927,319.320007
73.769997,24.309999,44.080002,573.206238,326.279999
74.300003,24.375,44.27,573.076599,333.209991
73.629997,24.495001,44.790001,571.909851,333.630005
74.589996,24.790001,45.110001,580.56604,334.529999
75.290001,25.1325,45.330002,585.253174,335.130005
74.809998,25.1425,44.950001,582.889648,335.779999
74.57,25.145,45.220001,581.772766,332.910004
74.57,25.33,45.150002,580.964966,331.589996
75.019997,25.385,45.169998,578.61145,334.019989
75.959999,25.2225,45.009998,576.277832,341.829987
74.629997,25.532499,44.869999,569.436584,343.179993
73.860001,25.5625,44.880001,567.641541,340.019989
74.82,25.625,45.43,570.034973,339.040009
76.68,25.825001,45.09,575.749268,342.380005
75.830002,24.735001,44.959999,576.357605,339
75.949997,24.530001,45.259998,580.386536,345.950012
77.260002,24.7425,45.91,584.475342,346.380005
77.889999,24.59,46.470001,588.105347,342.339996
76.669998,24.497499,46.759998,579.419189,329.75
77.43,25.25,46.84,581.503479,331.329987
77.919998,25.3575,47,579.758301,330.519989
77.480003,25.415001,46.700001,574.043945,331.190002
74.580002,25.407499,46.240002,571.530884,323.890015
76.080002,25.215,46.759998,578.362122,327.76001
76.43,25.395,46.52,583.168884,324
77,25.4475,46.68,587.656616,325
77.910004,25.24,47.52,594.447937,331.320007
76.800003,25.264999,47.060001,585.76178,324.5
78.290001,25.66,46.560001,579.538879,323.630005
78.540001,25.4375,47.080002,586.380066,328.209991
77.220001,24.467501,46.040001,573.485474,321.929993
78.790001,25.1875,46.41,575.519897,323.209991
79,25.0275,46.439999,574.781921,321.820007
79.040001,25.1875,46.360001,575.779175,322.440002
76.550003,24.795,45.900002,566.714111,317.459991
77.080002,24.975,45.759998,568.519104,318.410004
77.440002,24.905001,46.09,573.704895,322.73999
77.559998,24.905001,46.09,575.769226,322.200012
76.290001,24.6875,45.529999,562.196472,316.980011
77.519997,25.200001,46.779999,570.932495,322.700012
75.910004,25.254999,45.849998,559.344299,315.369995
72.910004,25.182501,44.029999,542.999207,311.390015
72.989998,24.952499,43.650002,531.750061,306.450012
73.589996,24.6875,43.73,536.467102,308.309998
73.209999,24.385,43.220001,528.578796,305.970001
72.629997,24.065001,42.740002,523.073914,302.859985
75.949997,24.4175,43.630001,509.770416,303.640015
76.949997,24.940001,44.080002,519.41394,306.209991
78.690002,25.6175,44.880001,525.098328,315.329987
78.370003,25.747499,44.380001,531.251465,312.970001
80.040001,26.2075,45.02,542.490601,313.179993
80.669998,26.305,46.130001,538.302063,287.059998
80.279999,26.2775,45.91,539.289368,289.970001
80.769997,26.684999,46.490002,547.397095,295.589996
75.860001,26.834999,46.619999,547.825928,294.119995
74.110001,26.745001,46.049999,548.803284,299.070007
74.989998,27,46.950001,557.549255,305.459991
73.879997,27.35,47.439999,553.699829,305.720001
75.760002,27.15,47.57,552.592834,302.809998
74.830002,27.215,47.860001,544.425293,296.519989
75.260002,27.174999,48.700001,540.555908,296.640015
75.599998,27.252501,48.68,539.528748,299.859985
75,27.2075,48.889999,545.990967,305.109985
74.610001,27.424999,48.869999,548.783325,312.01001
74.720001,27.8125,48.779999,545.811462,311.51001
74.25,28.205,49.610001,543.88678,316.480011
74.879997,28.545,49.580002,542.909424,327.820007
74.239998,28.497499,49.459999,535.041016,323.049988
74.339996,28.8675,48.740002,533.565125,324.929993
73.330002,28.6675,48.220001,535.519714,326.540009
73.599998,29.077499,48.700001,533.365662,330.540009
73.75,29.1175,47.98,536.02832,332.630005
74.010002,29.657499,47.59,537.793518,335.640015
75.629997,29.4,47.470001,539.598511,335.040009
77.620003,29.75,47.75,538.890503,333.570007
77.699997,29.7325,47.810001,540.346497,338.640015
75.099998,28.7675,48.619999,532.33844,326
75.459999,28.657499,48.459999,532.288574,326.309998
74.879997,28.9825,48.080002,529.865234,316.5
75.239998,28.872499,48.84,535.838867,316.929993
76.360001,28.75,48.419998,523.821838,312.630005
76.519997,28.1,47.700001,525.537109,306.640015
76.839996,28.530001,47.59,531.909668,312.5
76.18,27.987499,46.900002,524.619629,305.839996
77.730003,27.905001,47.169998,526.893433,307.359985
77.830002,27.432501,46.950001,517.239929,307.320007
76.989998,27.057501,46.669998,512.39325,306.070007
74.690002,26.6875,45.16,494.03363,295.059998
76.110001,27.352501,45.740002,503.507629,298.880005
78.400002,28.1625,47.52,509.700623,297.730011
79.879997,27.945,47.66,514.936218,299.899994
81.449997,28.235001,47.98,523.432922,306.540009
80.610001,28.135,48.450001,529.137268,306.290009
80.769997,28.002501,48.139999,527.322266,303.029999
80.779999,28.497499,47.880001,532.56781,309.089996
80.019997,28.477501,47.450001,528.877991,312.040009
79.220001,28.129999,47.02,528.967712,310.299988
78.019997,27.594999,46.450001,524.95874,310.350006
78.449997,27.3325,46.759998,523.373108,308.519989
77.190002,26.5625,46.330002,512.463013,302.190002
76.150002,26.565001,45.650002,500.585632,295.290009
76.150002,26.9375,46.23,499.727997,298.420013
78.18,27.9725,47.59,501.30368,300.459991
77.739998,28.002501,47.189999,494.811493,296.929993
76.720001,27.3125,46.599998,491.201416,291.410004
76.449997,27.555,46.360001,494.821472,294.73999
76.279999,27.450001,45.959999,499.498627,293.269989
74.050003,26.705,45.48,500.416107,286.950012
75.18,26.497499,46.240002,506.688873,290.73999
76.239998,27.18,46.389999,505.512115,289.440002
76.739998,27.387501,45.919998,516.621643,297.25
77.650002,28.1,47.130001,532.926819,310.320007
77.830002,28.245001,47.18,538.471619,312.390015
77.5,28.275,47.009998,533.744629,309.660004
75.779999,27.285,42.66,517.210022,306.75
76.239998,28.827499,41.189999,508.603638,303.910004
78,29.725,42.009998,509.26181,311.779999
75.910004,29.290001,40.400002,533.056519,354.529999
74.989998,29.657499,41.279999,527.03302,364.470001
75.400002,29.6625,41.599998,527.790955,363.549988
75.629997,29.889999,41.84,521.328674,364.75
75.610001,29.985001,42.450001,526.135498,373.890015
74.470001,29.7325,42.41,529.546143,374.279999
74.440002,29.93,42.360001,526.384827,370.559998
75.190002,30.504999,42.599998,535.469849,373
76.510002,31.219999,42.380001,534.502502,375.140015
76.230003,31.615,43.09,541.443481,377.170013
75.739998,31.77,43.869999,547.506836,381.829987
75.599998,31.9575,43.580002,541.353699,375.429993
76.709999,32.18,43.529999,538.22229,373.369995
79.419998,32.112499,43.5,541.383606,379
79.900002,32.375,43.860001,537.474365,383.660004
78.839996,33.25,44.150002,530.453613,380.140015
78.449997,33.0425,44.09,534.622192,378.589996
79.559998,32.197498,43.990002,542.38092,385.369995
80.410004,32.605,44.060001,553.959106,384.799988
78.970001,32.115002,43.849998,556.871094,380.160004
79.75,32.272499,43.880001,569.775696,385.660004
79.599998,32.34,43.279999,572.069397,384.609985
80.900002,32.134998,43.060001,571.80011,382.720001
81.209999,31.602501,43.110001,573.754761,387.829987
80.010002,31.65,42.360001,566.130676,380.089996
79.440002,31.785,42.849998,567.29248,378.559998
77.550003,31.127501,42.029999,553.490417,369.51001
77.57,30.559999,41.98,549.670898,366.369995
78.93,31.112499,41.02,553.989014,374.23999
78.050003,30.897499,41.380001,545.821472,370.579987
78.07,31.237499,41.560001,552.99176,373.350006
79.360001,31.76,41.700001,549.331787,371.920013
80.910004,32.1175,42.5,557.968079,375.140015
82.75,31.875,42.290001,556.462219,373.23999
83.800003,31.475,42.880001,558.825745,378.48999
84.43,31.8025,42.860001,557.279968,375.109985
85.309998,31.672501,42.900002,568.628845,374.089996
82.919998,30.844999,41.459999,557.255066,370.959991
83.010002,31.059999,41.209999,553.649963,367.350006
83.300003,30.8125,40.970001,546.838684,370.559998
83.199997,31.592501,40.959999,550.518555,374.589996
82.220001,31.1075,40.66,546.499573,372.100006
81.669998,31.0625,40.720001,541.074463,370.26001
81.559998,31.33,40.290001,534.063721,372.25
82.440002,31.8375,41.549999,535.295349,377.040009
82.32,31.502501,41.529999,535.549622,374.410004
82.279999,31.4,41.419998,540.127075,381.200012
82.169998,31.639999,41.48,539.299377,383.540009
82.040001,31.775,41.720001,538.531433,382.649994
83.010002,31.7125,41.759998,537.693787,382.359985
83.519997,31.575001,41.650002,528.937805,385.109985
82.709999,31.695,42.259998,531.07196,383.450012
82.309998,31.5425,42.16,532.33844,386.040009
80.779999,31.1875,41.619999,522.615173,375.559998
83.089996,31.9,42.91,533.914124,389.51001
83.620003,31.727501,42.639999,532.507996,391.179993
84.629997,32.154999,42.990002,537.888245,389.799988
82.410004,32.4175,43.34,545.502319,389.98999
81.529999,32.57,47.869999,563.512878,445.100006
81.910004,33.162498,48.029999,555.369995,438.559998
80.68,32.639999,49.16,553.679993,429.309998
80.470001,32.16,49.060001,549.080017,429.369995
78.769997,31.2875,48.639999,537.340027,421.779999
78.989998,32.237499,48.66,537.900024,422.869995
78.809998,32.174999,48.240002,540.780029,423.040009
77.559998,31.450001,47.599998,530.799988,421.190002
78.099998,31.252501,46.279999,524.219971,419.100006
78.43,31.315001,46.700001,530.700012,426.880005
78.510002,31.905001,47.75,538.219971,433.690002
78.010002,31.58,47.369999,535.700012,432.850006
77.459999,31.467501,47.349998,529.039978,431.019989
78.440002,31.502501,47.630001,529.619995,426.869995
81.370003,32.237499,48.720001,538.400024,432.279999
80.419998,32.192501,48.299999,533.849976,426
80.879997,32.547501,48.009998,532.299988,425.23999
80.629997,32.517502,47.580002,537.359985,421.709991
80.550003,32.514999,47.580002,539.27002,423.859985
80.480003,32.8475,47.419998,542.51001,431.630005
80.540001,33.134998,46.900002,540.109985,427.630005
79.330002,32.404999,46.59,532.320007,425.470001
80.550003,33.009998,47.610001,539.789978,431.420013
80.150002,32.945,47.450001,539.780029,426.570007
79.190002,32.57,46.860001,532.109985,429.230011
80.290001,32.634998,47.23,533.98999,430.920013
80.440002,32.490002,46.919998,539.179993,430.98999
82.440002,32.529999,46.849998,540.309998,436.589996
82.050003,32.34,46.360001,536.700012,430.779999
82.139999,32.162498,46.139999,533.330017,426.950012
80.669998,31.950001,45.73,526.830017,423.5
80.669998,31.855,45.650002,526.690002,425.480011
82.160004,32.220001,46.610001,536.690002,430.769989
81.830002,32.147499,46.439999,534.609985,432.970001
81.529999,31.7925,45.970001,532.330017,429.920013
80.709999,31.73,45.48,527.200012,423.670013
81.059998,31.9,45.830002,528.150024,427.26001
81.790001,31.825001,45.970001,529.26001,427.809998
82.910004,31.969999,46.720001,536.72998,439.390015
82.510002,31.65,46.099998,536.690002,434.920013
84.739998,31.9025,46.23,538.190002,436.290009
87.879997,31.7575,45.91,540.47998,445.98999
88.860001,32.0275,45.639999,537.840027,440.839996
87.980003,31.875,45.650002,535.22998,440.100006
88.010002,31.6875,45.259998,531.690002,438.100006
85.800003,31.1325,44.369999,521.52002,429.859985
85.769997,31.3575,44.150002,520.51001,434.089996
86.910004,31.65,44.450001,521.840027,437.390015
87.290001,31.610001,44.400002,523.400024,437.709991
87.550003,31.5,44.389999,522.859985,436.040009
87.220001,31.422501,44.299999,525.02002,436.720001
85.650002,30.6425,44.240002,516.830017,429.700012
85.879997,30.0175,44.52,520.679993,434.390015
87.949997,30.82,44.610001,530.130005,443.51001
90.099998,31.415001,45.540001,546.549988,455.570007
89.68,31.4025,45.619999,561.099976,465.570007
89.760002,31.705,45.759998,560.219971,461.190002
90.849998,32.127499,46.66,579.849976,475.480011
94.970001,32.404999,46.619999,672.929993,483.01001
97.910004,33.017502,46.919998,663.02002,488.100006
98.389999,32.6875,47.279999,662.299988,488
97.040001,31.305,45.540001,662.099976,488.269989
95.440002,31.290001,46.110001,644.280029,482.179993
96.949997,31.125,45.939999,623.559998,529.419983
94.169998,30.692499,45.349998,627.26001,531.409973
95.290001,30.844999,45.34,628,526.030029
96.989998,30.747499,46.290001,631.929993,529
95.209999,30.592501,46.880001,632.590027,536.76001
94.010002,30.325001,46.700001,625.609985,536.150024
94.139999,29.610001,46.810001,631.210022,535.030029
94.059998,28.66,47.540001,629.25,531.900024
96.440002,28.85,47.580002,643.780029,537.01001
95.120003,28.782499,46.619999,642.679993,529.460022
94.300003,28.879999,46.740002,635.299988,522.619995
94.150002,29.93,47.330002,633.72998,524
93.620003,28.372499,46.41,660.780029,527.460022
94.190002,28.809999,46.740002,659.559998,525.909973
93.43,28.7875,46.73,656.450012,529.659973
94.419998,28.99,47,657.119995,531.52002
93.93,29.290001,47.32,660.869995,535.219971
95.169998,29.125,47.27,656.130005,535.02002
95.309998,28.752501,46.610001,660.900024,532.919983
90.559998,28.1625,45.66,646.830017,515.780029
86.059998,26.440001,43.07,612.47998,494.470001
82.089996,25.780001,41.68,589.609985,463.369995
83,25.934999,40.470001,582.059998,466.369995
87.190002,27.422501,42.709999,628.619995,500.769989
89.730003,28.23,43.900002,637.609985,518.369995
91.010002,28.3225,43.93,630.380005,518.01001
89.43,28.190001,43.52,618.25,512.890015
87.230003,26.93,41.82,597.789978,496.540009
89.889999,28.084999,43.360001,614.340027,510.549988
88.150002,27.592501,43.5,606.25,504.720001
88.260002,27.317499,42.610001,600.700012,499
89.529999,28.077499,43.889999,614.659973,517.539978
90.440002,27.5375,43.07,612.719971,516.890015
91.980003,28.1425,43.290001,621.349976,522.23999
92.050003,28.5525,43.48,625.77002,529.440002
92.309998,28.827499,43.040001,623.23999,521.380005
92.900002,29.07,43.98,635.140015,522.369995
93.449997,29.102501,44.299999,635.97998,527.390015
94.339996,28.48,44.25,642.900024,538.869995
94.400002,28.362499,43.48,629.25,540.26001
95.550003,28.8025,44.110001,635.440002,548.390015
92.959999,28.35,43.900002,622.690002,538.400024
93.970001,28.58,43.869999,622.359985,536.070007
94.410004,28.75,43.91,625.799988,533.75
92.769997,28.6775,43.939999,611.969971,524.25
89.209999,28.110001,43.290001,594.890015,504.059998
86.669998,27.264999,43.439999,594.969971,496.070007
89.900002,27.575001,44.259998,608.419983,511.890015
90.949997,27.395,44.610001,611.289978,520.719971
92.07,27.594999,45.57,626.909973,532.539978
94.010002,27.695,46.630001,641.469971,543.679993
92.800003,27.827499,46.75,645.440002,537.47998
92.400002,27.695,46.799999,642.359985,541.940002
92.470001,27.375,47.450001,639.159973,533.159973
93.239998,28.030001,47.110001,643.609985,539.799988
94.260002,27.9,47,646.669983,550.190002
94.120003,27.9475,46.889999,652.299988,548.900024
94.07,27.5525,46.68,651.159973,544.830017
95.959999,27.965,47.009998,661.73999,562.440002
97.540001,27.76,47.509998,662.200012,570.76001
98.470001,27.932501,47.619999,666.099976,573.150024
97,28.442499,47.77,650.280029,560.880005
97.110001,28.440001,47.200001,642.609985,555.77002
99.669998,28.875,48.029999,651.789978,563.909973
102.190002,29.77,52.869999,702,599.030029
103.769997,28.82,54.25,712.780029,608.609985
103.699997,28.637501,53.689999,708.48999,611.01001
104.199997,29.817499,53.98,712.950012,617.099976
104.879997,30.1325,53.360001,716.919983,626.549988
101.970001,29.875,52.639999,710.809998,625.900024
103.309998,30.295,53.240002,721.109985,628.349976
102.580002,30.6425,54.150002,722.159973,625.309998
103.940002,30.5,54.400002,728.109985,640.950012
108.760002,30.23,54.380001,731.25,655.650024
107.099998,30.264999,54.919998,733.76001,659.369995
106.489998,30.1425,54.16,724.890015,655.48999
107.910004,29.192499,53.509998,728.320007,659.679993
109.010002,29.0275,53.650002,735.400024,673.25
108.019997,28.93,53.32,731.22998,665.599976
103.949997,28.084999,52.84,717,642.349976
104.040001,28.545,53.77,728.960022,647.809998
105.129997,28.422501,52.970001,725.299988,643.299988
107.769997,29.3225,53.849998,740,663.539978
106.260002,29.695,53.939999,738.409973,661.27002
107.32,29.825001,54.189999,756.599976,668.450012
106.949997,29.4375,54.189999,755.97998,678.98999
105.739998,29.719999,54.25,748.280029,671.150024
105.410004,29.5075,53.689999,748.150024,675.340027
105.449997,29.452499,53.93,750.26001,673.26001
104.239998,29.575001,54.349998,742.599976,664.799988
107.120003,29.334999,55.220001,767.039978,679.059998
106.07,29.07,55.209999,762.380005,676.01001
104.379997,28.799999,54.200001,752.539978,666.25
106.18,29.7575,55.91,766.809998,672.640015
105.610001,29.57,55.810001,763.25,669.830017
106.489998,29.557501,55.790001,762.369995,677.330017
104.599998,28.905001,54.98,751.609985,664.789978
105.419998,29.0425,55.27,749.460022,662.320007
102.120003,28.295,54.060001,738.869995,640.150024
104.660004,28.120001,55.139999,747.77002,657.909973
104.550003,27.622499,55.200001,743.400024,658.640015
106.790001,27.834999,56.130001,758.090027,675.77002
106.220001,27.245001,55.700001,749.429993,670.650024
104.040001,26.5075,54.130001,739.309998,664.140015
104.769997,26.8325,54.830002,747.77002,664.51001
105.510002,26.807501,55.349998,750,663.150024
104.629997,27.1525,55.82,750.309998,663.700012
105.019997,27.0075,55.669998,748.400024,662.789978
105.93,26.705,55.950001,762.51001,675.200012
107.260002,27.184999,56.549999,776.599976,693.969971
106.220001,26.83,56.310001,771,689.070007
104.660004,26.315001,55.48,758.880005,675.890015
102.220001,26.3375,54.799999,741.840027,636.98999
102.730003,25.6775,55.049999,742.580017,633.789978
102.970001,25.174999,54.049999,743.619995,632.650024
97.919998,24.112499,52.169998,726.390015,607.940002
97.330002,24.24,52.330002,714.469971,607.049988
97.510002,24.6325,52.299999,716.030029,617.73999
99.370003,24.99,52.779999,726.070007,617.890015
95.440002,24.3475,51.639999,700.559998,581.809998
98.370003,24.879999,53.110001,714.719971,593
94.970001,24.282499,50.990002,694.450012,570.179993
95.260002,24.165001,50.560001,701.789978,574.47998
94.349998,24.1975,50.790001,698.450012,571.77002
94.160004,24.075001,50.48,706.590027,575.02002
97.940002,25.355,52.290001,725.25,596.380005
97.010002,24.860001,51.790001,711.669983,596.530029
97.339996,24.997499,52.169998,713.039978,601.25
94.449997,23.355,51.220001,699.98999,583.349976
109.110001,23.522499,52.060001,730.960022,635.349976
112.209999,24.334999,55.09,742.950012,587
115.089996,24.1075,54.709999,752,574.809998
114.610001,23.620001,53,764.650024,552.099976
112.690002,24.0875,52.16,726.950012,531.070007
110.489998,24.15,52,708.01001,536.26001
104.07,23.504999,50.16,683.570007,502.130005
99.75,23.752501,49.41,682.73999,488.100006
99.540001,23.747499,49.279999,678.109985,482.070007
101,23.567499,49.709999,684.119995,490.480011
101.910004,23.424999,49.689999,683.109985,503.820007
102.010002,23.497499,50.5,682.400024,507.079987
101.610001,24.16,51.09,691,521.099976
105.199997,24.530001,52.419998,708.400024,534.099976
103.470001,24.065001,52.189999,697.349976,525
104.57,24.01,51.82,700.909973,534.900024
107.160004,24.219999,52.650002,706.460022,559.5
105.459999,23.672501,51.18,695.849976,552.940002
106.879997,24.025,51.360001,699.559998,554.039978
108.07,24.190001,52.099998,705.75,555.150024
107.919998,24.227501,51.299999,705.070007,555.22998
106.919998,24.172501,50.880001,697.77002,552.52002
109.82,25.1325,52.580002,718.809998,579.039978
109.949997,25.1875,52.950001,718.849976,580.210022
109.580002,25.375,52.349998,712.419983,577.48999
108.389999,25.752501,52.029999,710.890015,575.140015
105.730003,25.467501,51.029999,695.159973,562.799988
105.93,25.2575,51.650002,693.969971,560.26001
107.510002,25.280001,52.84,705.23999,559.469971
107.32,25.2925,52.049999,712.820007,558.929993
109.410004,25.565001,53.07,726.820007,569.609985
109.889999,25.629999,53.169998,730.48999,573.369995
110.669998,26.145,53.59,728.330017,577.02002
112.18,26.4925,54.349998,736.090027,574.27002
111.019997,26.450001,54.66,737.780029,559.440002
111.449997,26.48,53.490002,737.599976,552.080017
111.849998,26.477501,53.860001,742.090027,553.97998
112.25,26.68,54.07,740.75,560.47998
112.540001,26.532499,53.970001,738.059998,569.630005
113.050003,26.4175,54.209999,735.299988,582.950012
113.690002,26.297501,53.540001,733.530029,579.869995
116.139999,26.92,54.709999,744.77002,593.859985
114.699997,27.389999,55.049999,750.530029,598.690002
114.099998,27.247499,55.23,744.950012,593.640015
116.059998,27.497499,55.57,749.909973,598.5
112.550003,27.780001,55.43,745.289978,593.190002
112.220001,27.452499,54.560001,737.799988,586.140015
113.709999,27.74,55.119999,745.690002,602.080017
113.639999,27.135,54.459999,740.280029,591.429993
110.629997,27.165001,54.419998,739.150024,594.599976
108.989998,27.254999,54.310001,736.099976,595.929993
110.610001,27.610001,54.650002,743.090027,603.169983
110.510002,28.01,55.349998,751.719971,614.820007
110.839996,28.025,55.360001,753.200012,620.75
109.639999,27.4625,55.650002,759,625.890015
110.449997,26.870001,56.459999,766.609985,635.349976
112.290001,26.727501,56.389999,753.929993,627.900024
112.419998,26.782499,55.59,752.669983,632.98999
113.440002,26.4925,55.779999,759.140015,631
110.559998,26.42,51.779999,718.77002,620.5
110.099998,26.27,52.110001,723.150024,626.200012
108.760002,26.0875,51.439999,708.140015,616.880005
108.889999,24.455,50.939999,705.840027,606.570007
116.730003,23.7075,49.900002,691.02002,602
117.580002,23.434999,49.869999,693.01001,659.590027
118.57,23.41,50.610001,698.210022,683.849976
117.43,23.795,49.779999,692.359985,671.320007
118.059998,23.547501,49.869999,695.700012,670.900024
117.809998,23.309999,49.939999,701.429993,659.090027
119.489998,23.18,50.389999,711.119995,673.950012
119.239998,23.1975,50.07,712.900024,679.75
120.5,23.355,51.02,723.179993,703.070007
119.519997,23.127501,51.049999,715.289978,713.22998
120.279999,22.584999,51.509998,713.309998,717.929993
119.809998,22.629999,51.080002,710.830017,709.919983
118.669998,23.469999,51.830002,716.48999,710.659973
117.349998,23.372499,50.509998,706.22998,695.27002
117.650002,23.639999,50.810001,706.630005,697.450012
116.809998,23.549999,50.32,700.320007,698.52002
117.349998,23.805,50.619999,709.73999,702.799988
115.970001,24.1075,50.029999,704.23999,696.75
117.699997,24.475,51.59,720.090027,704.200012
117.889999,24.905001,52.119999,725.27002,708.349976
119.470001,25.102501,51.889999,724.119995,714.909973
119.379997,25.0875,52.32,732.659973,712.23999
118.809998,24.965,53,735.719971,722.789978
118.779999,24.615,52.849998,734.150024,719.440002
118.93,24.43,52.48,730.400024,728.23999
118.470001,24.48,51.790001,722.340027,725.539978
118.790001,24.657499,52.130001,716.549988,726.72998
117.760002,24.7575,52.099998,716.650024,723.73999
118.389999,24.735001,52.040001,728.280029,726.640015
118.559998,24.9125,51.619999,728.580017,727.650024
116.620003,24.7075,51.48,719.409973,717.909973
113.949997,24.334999,50.139999,718.359985,715.23999
114.940002,24.365,49.830002,718.27002,719.299988
114.599998,24.285,49.689999,718.919983,714.26001
114.389999,24.387501,50.389999,710.359985,717.51001
113.019997,23.8325,50.130001,691.719971,706.390015
113.370003,23.775,50.07,693.710022,714.01001
114.379997,23.977501,51.189999,695.940002,715.820007
113.910004,23.887501,50.990002,697.460022,710.599976
115.080002,24.025,51.91,701.869995,722.080017
112.080002,23.35,49.830002,675.219971,698.960022
108.970001,23.01,48.43,668.26001,691.359985
112.699997,23.397499,49.439999,680.039978,707.950012
114.160004,23.6,50.540001,684.109985,715.599976
114.279999,23.9,51.169998,692.099976,715.619995
114.190002,23.9725,51.16,699.210022,725.679993
114.199997,23.747499,51.169998,694.950012,728.099976
116.699997,23.8825,51.380001,697.77002,737.609985
115.849998,23.985001,51.380001,695.359985,736.570007
117.239998,24.17,52.299999,705.630005,745.809998
117.870003,24.245001,52.59,715.090027,753.780029
117.93,24.355,53.209999,720.640015,748.210022
116.779999,24.217501,53.509998,716.97998,742.630005
117.290001,24.6975,53.740002,720.950012,741.200012
116.860001,24.695,53.700001,719.849976,735.440002
119.370003,24.9575,53.959999,733.780029,736.070007
120.610001,24.967501,53.09,736.960022,739.950012
121.919998,24.99,55.91,741.190002,745.719971
120.610001,24.8575,55.799999,738.630005,744.429993
121,24.665001,56.57,742.73999,744.859985
121.629997,24.334999,56.73,739.77002,739.609985
121.220001,24.1675,56.759998,738.419983,735.590027
123.339996,25.737499,56.189999,741.77002,736.669983
125,26.084999,56.209999,745.909973,752.609985
123.940002,26.0525,56.68,768.789978,758.809998
124.309998,26.512501,56.580002,772.880005,767.73999
123.089996,26.120001,56.580002,771.070007,760.580017
122.510002,26.4475,56.970001,773.179993,754.640015
124.360001,26.467501,57.389999,771.609985,760.77002
125.150002,26.870001,57.959999,782.219971,765.97998
125.260002,27.092501,58.060001,781.76001,766.559998
125.059998,27.202499,58.200001,784.26001,768.309998
124.879997,27,58.02,784.679993,768.559998
124.900002,26.9825,58.299999,784.849976,771.23999
124.879997,27.045,57.939999,783.219971,772.559998
123.900002,27.370001,58.119999,782.440002,768.48999
123.300003,27.344999,57.439999,777.140015,764.039978
124.370003,27.305,57.560001,779.909973,764.630005
123.910004,27.27,57.599998,777.5,764.460022
123.559998,27.34,57.619999,775.419983,757.309998
124.150002,27.127501,57.669998,772.150024,759.47998
124.370003,27.2125,57.889999,772.080017,762.450012
123.480003,27.0075,57.950001,769.640015,757.25
123.889999,26.8925,58.169998,769.409973,759.219971
124.959999,26.735001,58.029999,769.539978,769
126.540001,26.705,58.099998,772.150024,771.289978
125.839996,26.5,57.889999,769.090027,767.580017
126.120003,26.525,57.459999,767.049988,769.159973
126.169998,26.682501,57.59,768.780029,770.619995
126.510002,26.932501,57.669998,771.460022,772.440002
129.729996,26.924999,57.610001,780.080017,788.869995
131.050003,27.09,57.66,780.349976,784.47998
130.270004,26.379999,57.43,775.320007,784.059998
127.099998,25.782499,56.209999,759.659973,760.140015
128.690002,26.360001,57.049999,769.02002,771.48999
127.209999,26.987499,56.529999,759.690002,761.01001
127.769997,27.942499,56.259998,762.48999,761.090027
128.350006,28.8925,57.189999,771.76001,769.690002
129.070007,28.73,57.25,768.880005,778.52002
128.649994,28.395,56.93,765.700012,775.099976
128.639999,28.3925,56.810001,771.409973,780.219971
129.940002,28.387501,57.759998,776.219971,789.73999
130.080002,28.655001,57.82,787.210022,804.700012
127.959999,28.1775,57.43,786.900024,805.75
127.309998,28.219999,56.900002,774.210022,799.159973
128.690002,28.272499,57.950001,783.01001,816.109985
129.229996,28.487499,58.029999,781.559998,828.719971
128.089996,28.045,57.400002,775.01001,829.049988
128.270004,28.262501,57.599998,777.289978,837.309998
128.770004,28.129999,57.419998,772.559998,836.73999
128.190002,28.25,57.240002,776.429993,834.030029
128.470001,28.262501,57.639999,776.469971,844.359985
128.740005,28.4725,57.740002,776.859985,841.659973
128.990005,28.514999,57.799999,775.080017,839.429993
130.240005,29.012501,58.040001,785.940002,841.710022
128.880005,29.075001,57.189999,783.070007,831
129.050003,29.334999,57.110001,786.140015,834.090027
127.82,29.245001,56.919998,778.190002,829.280029
127.879997,29.407499,57.419998,778.530029,822.960022
127.540001,29.387501,57.220001,779.960022,812.950012
128.570007,29.3675,57.66,795.26001,817.650024
130.110001,29.280001,57.529999,801.5,817.690002
130,29.264999,57.25,796.969971,810.320007
132.070007,29.15,59.66,799.369995,818.98999
133.279999,29.4125,61,813.109985,838.090027
132.289993,29.5625,60.990002,807.669983,835.179993
131.039993,28.897499,60.630001,799.070007,822.590027
129.690002,28.620001,60.099998,795.349976,818.359985
131.289993,28.43,59.869999,795.369995,776.320007
130.990005,28.385,59.919998,784.539978,789.820007
129.5,27.872499,59.799999,783.609985,785.409973
127.169998,27.897499,59.43,768.700012,765.559998
120,27.4575,59.209999,762.130005,767.030029
120.75,27.209999,58.709999,762.02002,755.049988
122.150002,27.602501,60.419998,782.52002,784.929993
124.220001,27.764999,60.470001,790.51001,787.75
123.18,27.719999,60.169998,785.309998,771.880005
120.800003,26.9475,58.700001,762.559998,742.380005
119.019997,27.1075,59.02,754.02002,739.01001
115.080002,26.4275,58.119999,736.080017,719.070007
117.199997,26.7775,58.869999,758.48999,743.23999
116.339996,27.497499,59.650002,764.47998,746.48999
117.790001,27.487499,60.639999,771.22998,756.400024
117.019997,27.514999,60.349998,760.539978,760.159973
121.769997,27.932501,60.860001,769.200012,780
121.470001,27.950001,61.119999,768.27002,785.330017
120.839996,27.807501,60.400002,760.98999,780.119995
120.379997,27.9475,60.529999,761.679993,780.369995
120.410004,27.8925,60.610001,768.23999,766.77002
120.870003,27.865,61.09,770.840027,762.52002
118.419998,27.629999,60.259998,758.039978,750.570007
115.099998,27.372499,59.200001,747.919983,743.650024
115.400002,27.475,59.25,750.5,740.340027
117.43,27.2775,60.220001,762.52002,759.359985
117.309998,27.487499,59.950001,759.109985,764.719971
117.949997,27.7575,61.369999,771.190002,770.419983
118.910004,28.030001,61.009998,776.419983,767.330017
119.68,28.487499,61.970001,789.289978,768.659973
117.769997,28.325001,62.169998,789.27002,760.119995
120.309998,28.797501,62.98,796.099976,774.340027
120.209999,28.797501,62.68,797.070007,768.820007
120.57,28.955,62.580002,797.849976,761
119.870003,28.9925,62.299999,790.799988,757.77002
119.239998,29.16,63.619999,794.200012,766
119.089996,29.237499,63.540001,796.419983,771.219971
119.040001,29.264999,63.540001,794.559998,770.599976
117.400002,29.0725,63.549999,791.26001,766.340027
117.269997,29.129999,63.240002,789.909973,760.590027
118.010002,29.315001,63.279999,791.549988,771.400024
116.919998,29.190001,62.990002,785.049988,772.130005
116.349998,29.182501,62.900002,782.789978,765.150024
115.050003,28.955,62.139999,771.820007,749.869995
116.860001,29.0375,62.580002,786.140015,753.669983
118.690002,29.004999,62.299999,786.900024,757.179993
120.669998,29.1525,62.299999,794.02002,780.450012
123.410004,29.477501,62.84,806.150024,795.98999
124.900002,29.747499,62.639999,806.650024,796.919983
124.349998,29.7775,62.619999,804.789978,795.900024
126.089996,29.9375,63.189999,807.909973,799.02002
126.620003,29.8125,62.610001,806.359985,813.640015
128.339996,29.76,62.700001,807.880005,817.140015
127.870003,30,62.529999,804.609985,809.719971
127.919998,29.997499,62.5,806.070007,807.47998
127.550003,29.945,62.299999,802.174988,809.039978
127.040001,30,62.740002,805.02002,808.330017
128.929993,30.02,62.959999,819.309998,817.880005
129.369995,29.9925,63.52,823.869995,822.440002
131.479996,30.469999,63.68,835.669983,836.52002
132.779999,30.485001,64.269997,832.150024,839.150024
132.179993,30.487499,65.779999,823.309998,835.77002
130.979996,30.407499,65.129997,802.320007,830.380005
130.320007,30.3375,64.650002,796.789978,823.47998
133.229996,32.1875,63.580002,795.695007,832.349976
130.839996,32.1325,63.169998,798.530029,839.950012
130.979996,32.27,63.68,801.48999,810.200012
132.059998,32.572498,63.639999,801.340027,807.640015
131.839996,32.8825,63.43,806.969971,812.5
134.199997,33.009998,63.34,808.380005,819.710022
134.139999,33.105,64.059998,809.559998,821.359985
134.190002,33.029999,64,813.669983,827.460022
134.050003,33.322498,64.720001,819.23999,836.530029
133.850006,33.755001,64.57,820.450012,836.390015
133.440002,33.877499,64.529999,818.97998,842.700012
133.839996,33.837502,64.519997,824.159973,844.140015
133.529999,33.93,64.620003,828.070007,845.070007
133.720001,34.174999,64.489998,831.659973,856.440002
136.119995,34.2775,64.360001,830.76001,855.609985
135.360001,34.1325,64.620003,831.330017,852.190002
135.440002,34.165001,64.620003,828.640015,845.23999
136.410004,34.232498,64.230003,829.280029,848.640015
135.539993,34.247501,63.98,823.210022,845.039978
137.419998,34.947498,64.940002,835.23999,853.080017
136.759995,34.740002,64.010002,830.630005,848.909973
137.169998,34.945,64.25,829.080017,849.880005
137.419998,34.834999,64.269997,827.780029,846.609985
137.300003,34.880001,64.400002,831.909973,846.02002
137.720001,34.75,64.989998,835.369995,850.5
138.240005,34.669998,64.730003,838.679993,853
138.789993,34.785,64.93,843.25,852.460022
139.600006,34.799999,64.709999,845.539978,854.590027
139.320007,34.747501,64.410004,845.619995,852.530029
139.720001,35.115002,64.75,847.200012,852.969971
139.990005,35.172501,64.639999,848.780029,853.419983
139.839996,34.997501,64.870003,852.119995,852.309998
139.940002,35.365002,64.93,848.400024,856.969971
138.509995,34.959999,64.209999,830.460022,843.200012
139.589996,35.355,65.029999,829.590027,848.059998
139.529999,35.23,64.870003,817.580017,847.380005
140.339996,35.16,64.980003,814.429993,845.609985
140.320007,35.220001,65.099998,819.51001,846.820007
141.759995,35.950001,65.290001,820.919983,856
142.649994,36.029999,65.470001,831.409973,874.320007
142.410004,35.982498,65.709999,831.5,876.340027
142.050003,35.915001,65.860001,829.559998,886.539978
142.279999,35.924999,65.550003,838.549988,891.51001
141.729996,36.192501,65.730003,834.570007,906.830017
141.850006,36.005001,65.559998,831.409973,909.280029
141.169998,35.915001,65.730003,827.880005,898.280029
140.779999,35.834999,65.68,824.669983,894.880005
141.039993,35.7925,65.529999,824.72998,907.039978
139.919998,35.407501,65.480003,823.349976,902.359985
139.580002,35.450001,65.230003,824.320007,896.22998
139.389999,35.262501,64.949997,823.559998,884.669983
141.419998,35.4575,65.480003,837.169983,901.98999
140.960007,35.299999,65.389999,836.820007,903.780029
142.270004,35.169998,65.040001,838.210022,899.200012
143.800003,35.610001,65.5,841.650024,902.059998
143.679993,35.567501,66.400002,843.190002,898.530029
145.470001,35.91,67.529999,862.76001,907.409973
146.490005,36.1325,67.919998,872.299988,907.619995
146.559998,35.919998,67.830002,871.72998,909.289978
147.699997,35.947498,68.269997,874.25,918.380005
150.25,35.912498,68.459999,905.960022,924.98999
152.460007,36.645,69.410004,912.570007,948.22998
152.779999,36.877499,69.300003,916.440002,946.940002
151.800003,36.764999,69.080002,927.039978,941.030029
150.850006,36.6325,68.809998,931.659973,937.530029
150.240005,37.240002,69,927.130005,934.150024
151.059998,38.252499,68.940002,934.299988,949.039978
150.479996,38.497501,69.040001,932.169983,952.820007
150.289993,38.314999,69.309998,928.780029,948.950012
150.039993,38.487499,68.459999,930.599976,947.619995
150.330002,39.025002,68.379997,932.219971,961.349976
150.190002,38.924999,68.43,937.080017,957.969971
149.779999,38.8675,69.410004,943,966.070007
144.850006,37.5625,67.480003,919.619995,944.76001
147.660004,38.134998,67.709999,930.23999,958.48999
148.059998,38.264999,67.690002,934.01001,959.840027
148.240005,38.497501,68.449997,941.859985,970.669983
148.070007,38.450001,68.68,948.820007,971.539978
150.039993,38.334999,68.769997,954.960022,980.349976
151.960007,38.467499,69.620003,969.539978,993.380005
152.130005,38.4025,69.959999,971.469971,995.780029
152.380005,38.4175,70.410004,975.880005,996.700012
151.460007,38.189999,69.839996,964.859985,994.619995
151.529999,38.294998,70.099998,966.950012,995.950012
153.610001,38.862499,71.760002,975.599976,1006.72998
153.630005,38.482498,72.279999,983.679993,1011.340027
152.809998,38.612499,72.519997,976.570007,1003
153.119995,38.842499,72.389999,980.940002,1010.070007
154.710007,38.747501,71.949997,983.409973,1010.27002
149.600006,37.244999,70.32,949.830017,978.309998
148.440002,36.355,69.779999,942.900024,964.909973
150.679993,36.647499,70.650002,953.400024,980.789978
150.25,36.290001,70.269997,950.76001,976.469971
149.800003,36.072498,69.900002,942.309998,964.169983
150.639999,35.567501,70,939.780029,987.710022
152.869995,36.584999,70.870003,957.369995,995.169983
152.25,36.252499,69.910004,950.630005,992.590027
153.910004,36.467499,70.269997,959.450012,1002.22998
153.399994,36.407501,70.260002,957.090027,1001.299988
155.070007,36.57,71.209999,965.590027,1003.73999
153.589996,36.455002,70.529999,952.27002,993.97998
150.580002,35.932499,69.209999,927.330017,976.780029
153.240005,36.4575,69.800003,940.48999,990.330017
151.039993,35.919998,68.489998,917.789978,975.929993
150.979996,36.005001,68.93,908.72998,968
148.429993,35.875,68.169998,898.700012,953.659973
150.339996,36.022499,69.080002,911.710022,971.400024
148.820007,35.682499,68.57,906.690002,965.140015
151.440002,36.044998,69.459999,918.590027,978.76001
153.5,36.264999,69.980003,928.799988,996.469971
155.270004,36.3825,69.989998,930.090027,994.130005
158.899994,36.435001,71.150002,943.830017,1006.51001
159.259995,36.942501,71.769997,947.159973,1000.630005
159.970001,37.259998,72.779999,955.98999,1001.809998
159.729996,37.389999,73.349998,953.419983,1010.039978
162.860001,37.52,73.300003,965.400024,1024.449951
164.139999,37.755001,73.860001,970.890015,1026.869995
164.529999,37.584999,74.220001,968.150024,1028.699951
164.429993,37.567501,73.790001,972.919983,1025.670044
166,38.022499,73.599998,980.340027,1038.949951
165.279999,38.185001,74.190002,950.700012,1039.869995
165.610001,38.365002,74.050003,947.799988,1052.800049
170.440002,37.639999,73.160004,934.090027,1046
172.449997,37.375,73.040001,941.530029,1020.039978
169.25,37.182499,72.699997,930.5,987.780029
169.860001,37.512501,72.580002,930.830017,996.190002
169.300003,39.285,72.260002,930.390015,995.890015
168.589996,38.892502,72.150002,923.650024,986.919983
169.619995,39.0975,72.68,927.960022,987.580017
171.979996,39.702499,72.400002,929.359985,992.27002
171.229996,40.02,72.790001,926.789978,989.840027
171.179993,40.264999,72.470001,922.900024,982.01001
167.399994,38.830002,71.410004,907.23999,956.919983
168.080002,39.369999,72.5,914.390015,967.98999
170.75,39.962502,73.589996,922.669983,983.299988
171,40.400002,73.220001,922.219971,982.73999
170,40.237499,73.650002,926.960022,978.179993
166.910004,39.465,72.400002,910.97998,960.570007
167.410004,39.375,72.489998,910.669983,958.469971
167.779999,39.302502,72.150002,906.659973,953.289978
169.639999,39.945,73.160004,924.690002,966.900024
168.710007,39.994999,72.720001,927,958
167.740005,39.817501,72.690002,921.280029,952.450012
166.320007,39.965,72.82,915.890015,945.26001
167.240005,40.3675,72.830002,913.809998,946.02002
168.050003,40.727501,73.050003,921.289978,954.059998
169.919998,40.837502,74.010002,929.570007,967.590027
171.970001,41,74.769997,939.330017,980.599976
172.020004,41.012501,73.940002,937.340027,978.25
170.720001,40.52,73.610001,928.450012,965.27002
172.089996,40.477501,73.400002,927.809998,967.799988
173.210007,40.314999,74.339996,935.950012,979.469971
170.949997,39.657501,73.980003,926.5,965.900024
173.509995,40.375,74.760002,929.080017,977.960022
172.960007,40.215,74.68,932.070007,982.580017
173.050003,39.912498,75.209999,935.090027,999.599976
170.960007,39.57,74.769997,925.109985,992.210022
171.639999,39.970001,75.309998,920.289978,986.789978
170.009995,39.6675,75.160004,915,974.190002
172.520004,39.682499,75.440002,921.809998,969.859985
172.169998,39.017502,74.940002,931.580017,973.210022
171.110001,38.3475,74.209999,932.450012,964.650024
170.539993,37.9725,74.410004,928.530029,955.099976
162.869995,37.637501,73.260002,920.969971,939.789978
164.210007,38.285,73.260002,924.859985,938.599976
167.679993,38.557499,73.849998,944.48999,950.869995
168.729996,38.32,73.870003,949.5,956.400024
170.869995,38.529999,74.489998,959.109985,961.349976
169.470001,38.452499,74.610001,953.27002,959.190002
169.960007,38.619999,74.260002,957.789978,957.099976
168.419998,38.369999,74.690002,951.679993,965.450012
171.240005,38.8475,75.970001,969.960022,980.849976
172.229996,38.825001,76,978.890015,989.580017
172.5,38.959999,76.290001,977,990.98999
171.589996,38.974998,76.290001,972.599976,987.200012
172.740005,39.137501,76.419998,989.25,995
172.550003,39,77.120003,987.830017,1000.929993
173.740005,39.247501,77.489998,989.679993,1002.940002
174.520004,39.970001,77.650002,992,1006.340027
176.110001,40.1175,77.589996,992.179993,1009.130005
176.029999,39.939999,77.610001,992.809998,997
174.559998,38.994999,77.910004,984.450012,986.609985
174.979996,39.0625,78.809998,988.200012,982.909973
171.270004,39.0425,78.830002,968.450012,966.299988
171.800003,39.275002,78.860001,970.539978,975.900024
170.600006,39.102501,78.629997,973.330017,972.909973
170.630005,39.352501,78.760002,972.559998,972.429993
177.880005,40.762501,83.809998,1019.27002,1100.949951
179.869995,41.68,83.889999,1017.109985,1110.849976
180.059998,42.259998,83.18,1016.640015,1105.280029
182.660004,41.7225,83.18,1025.5,1103.680054
178.919998,42.0275,84.050003,1025.579956,1094.219971
178.919998,43.125,84.139999,1032.47998,1111.599976
180.169998,43.5625,84.470001,1025.900024,1120.660034
180.25,43.702499,84.269997,1033.329956,1123.170044
179.559998,44.060001,84.559998,1039.849976,1132.880005
179.300003,43.970001,84.089996,1031.26001,1129.130005
178.460007,43.6675,83.870003,1028.069946,1125.349976
178.770004,43.4925,83.93,1025.75,1129.170044
178.070007,42.834999,84.050003,1026,1136.839966
177.949997,42.27,82.980003,1020.909973,1126.689941
179.589996,42.775002,83.199997,1032.5,1137.290039
179,42.537498,82.400002,1019.090027,1129.880005
178.740005,42.494999,82.529999,1018.380005,1126.310059
181.860001,43.285,83.720001,1034.48999,1139.48999
180.869995,43.740002,83.110001,1035.959961,1156.160034
182.779999,43.7425,83.260002,1040.609985,1186
183.029999,43.522499,83.870003,1054.209961,1195.829956
182.419998,43.267502,84.879997,1047.410034,1193.599976
175.130005,42.369999,83.339996,1021.659973,1161.27002
177.179993,42.962502,84.169998,1021.409973,1176.75
175.100006,42.762501,84.260002,1010.169983,1162.349976
171.470001,42.450001,81.080002,998.679993,1133.949951
172.830002,42.41,81.589996,1005.150024,1141.569946
176.059998,42.252499,82.779999,1018.380005,1152.349976
180.139999,42.330002,82.489998,1030.930054,1159.790039
179,42.342499,84.160004,1037.050049,1162
179.039993,43.1675,85.230003,1041.099976,1168.920044
176.960007,42.924999,85.580002,1040.47998,1165.079956
178.300003,43.067501,85.349998,1040.609985,1164.130005
178.389999,43.055,84.690002,1049.150024,1174.26001
180.179993,43.4925,86.849998,1064.189941,1179.140015
180.820007,44.105,86.379997,1077.140015,1190.579956
179.509995,43.634998,85.830002,1070.680054,1187.380005
177.889999,43.587502,85.519997,1064.949951,1177.619995
177.449997,43.752499,85.5,1063.630005,1174.76001
177.199997,43.752499,85.510002,1060.119995,1168.359985
175.990005,42.642502,85.400002,1056.73999,1176.76001
177.619995,42.650002,85.709999,1049.369995,1182.26001
177.919998,42.77,85.720001,1048.140015,1186.099976
176.460007,42.307499,85.540001,1046.400024,1169.469971
181.419998,43.064999,85.949997,1065,1189.01001
184.669998,43.057499,86.349998,1082.47998,1204.199951
184.330002,43.2575,87.110001,1086.400024,1209.589966
186.850006,43.75,88.190002,1102.22998,1229.140015
188.279999,43.587502,88.279999,1106.939941,1246.869995
187.869995,43.5825,88.220001,1106.26001,1252.699951
187.839996,43.572498,87.82,1102.609985,1254.329956
187.770004,43.82,88.080002,1105.52002,1276.680054
179.369995,44.272499,89.599998,1122.26001,1305.199951
178.389999,44.047501,88.349998,1121.76001,1304.859985
177.600006,44.775002,90.139999,1131.97998,1295
179.800003,44.814999,90.099998,1129.790039,1293.319946
181.289993,44.615002,90,1137.51001,1294.579956
185.369995,44.25,91.610001,1155.810059,1327.310059
189.350006,44.259998,91.900002,1169.969971,1362.540039
186.550003,43.555,91.82,1164.23999,1357.51001
187.479996,42.7775,92.330002,1170.369995,1377.949951
190,42.877499,94.059998,1175.839966,1402.050049
185.979996,41.990002,93.919998,1175.579956,1417.680054
187.119995,41.7425,92.739998,1163.689941,1437.819946
186.889999,41.857498,95.010002,1169.939941,1450.890015
193.089996,41.945,94.260002,1167.699951,1390
190.279999,40.125,91.779999,1111.900024,1429.949951
181.259995,39.122501,88,1055.800049,1390
185.309998,40.7575,91.330002,1080.599976,1442.839966
180.179993,39.884998,89.610001,1048.579956,1416.780029
171.580002,38.787498,85.010002,1001.52002,1350.5
176.110001,39.102501,88.18,1037.780029,1339.599976
176.410004,40.677502,89.129997,1051.939941,1386.22998
173.149994,41.084999,89.830002,1052.099976,1414.51001
179.520004,41.842499,90.809998,1069.699951,1451.050049
179.960007,43.247501,92.660004,1089.52002,1461.76001
177.360001,43.107498,92,1094.800049,1448.689941
176.009995,42.962502,92.720001,1102.459961,1468.349976
177.910004,42.767502,91.489998,1111.339966,1482.920044
178.990005,43.125,91.730003,1106.630005,1485.339966
183.289993,43.875,94.059998,1126.790039,1500
184.929993,44.7425,95.419998,1143.75,1521.949951
181.460007,44.5975,94.199997,1118.290039,1511.97998
178.320007,44.529999,93.769997,1104.72998,1512.449951
175.940002,43.75,92.849998,1069.52002,1493.449951
176.619995,44.052502,93.050003,1078.920044,1500.25
180.399994,44.205002,93.639999,1090.930054,1523.609985
179.779999,44.1675,93.32,1095.060059,1537.640015
183.710007,43.7575,93.860001,1109.640015,1545
182.339996,44.235001,94.43,1126,1551.859985
185.229996,44.994999,96.540001,1160.040039,1578.890015
184.759995,45.43,96.769997,1164.5,1598.390015
181.880005,44.9925,94.410004,1138.170044,1588.180054
184.190002,44.610001,93.849998,1149.48999,1591
183.860001,44.662498,94.18,1149.579956,1582.319946
185.089996,44.505001,94.599998,1135.72998,1571.680054
172.559998,43.825001,92.889999,1099.819946,1544.930054
168.149994,43.810001,93.129997,1097.709961,1586.51001
169.389999,42.817501,92.480003,1090.880005,1581.859985
164.889999,42.212502,89.790001,1049.079956,1544.920044
159.389999,41.235001,87.18,1021.570007,1495.560059
160.059998,43.192501,93.779999,1053.209961,1555.859985
152.220001,42.084999,89.470001,1005.099976,1497.050049
153.029999,41.619999,89.389999,1004.559998,1431.420044
159.789993,41.945,91.269997,1031.790039,1447.339966
155.389999,41.669998,88.519997,1006.469971,1371.98999
156.110001,42.0975,89.709999,1013.409973,1392.050049
155.100006,42.9025,92.330002,1025.140015,1410.569946
159.339996,43.200001,92.379997,1027.810059,1451.75
157.199997,42.095001,90.230003,1007.039978,1405.22998
157.929993,42.512501,90.769997,1015.450012,1406.079956
165.039993,43.3125,92.879997,1031.640015,1436.219971
166.320007,43.110001,91.860001,1019.969971,1427.050049
163.869995,43.535,93.580002,1032.51001,1448.5
164.520004,43.682499,93.080002,1029.27002,1430.790039
164.830002,43.955002,94.169998,1037.97998,1441.5
168.660004,44.560001,96.07,1074.160034,1503.829956
166.360001,44.459999,96.440002,1072.079956,1527.839966
168.100006,43.200001,96.110001,1087.699951,1556.910034
166.279999,41.43,95,1072.959961,1527.48999
165.839996,41.310001,95.349998,1067.449951,1517.859985
159.690002,40.735001,93.120003,1019.97998,1460.089966
159.690002,40.912498,92.309998,1021.179993,1460.170044
174.160004,41.055,94.260002,1040.040039,1517.959961
173.589996,40.580002,95.82,1030.050049,1572.619995
172,41.314999,93.519997,1017.330017,1566.130005
173.860001,42.275002,95,1037.310059,1582.26001
176.070007,44.142502,93.510002,1024.380005,1569.680054
174.020004,44.2225,94.07,1023.719971,1572.079956
176.610001,45.9575,95.160004,1048.209961,1580.949951
177.970001,46.290001,96.220001,1054.790039,1600.140015
178.919998,46.512501,95.809998,1053.910034,1592.390015
182.660004,46.84,96.940002,1082.76001,1608
185.529999,47.509998,97.910004,1097.569946,1609.079956
186.990005,47.147499,97.699997,1098.26001,1602.910034
186.639999,47.037498,98.029999,1100.199951,1601.540039
184.320007,46.610001,97.32,1079.22998,1576.119995
183.199997,47.044998,97.150002,1081.77002,1587.280029
183.759995,46.747501,96.18,1078.589966,1581.76001
182.679993,46.577499,96.360001,1066.359985,1574.369995
184.490005,46.907501,97.599998,1079.579956,1585.459961
183.800003,46.790001,97.5,1069.72998,1581.400024
186.899994,47.09,98.660004,1079.689941,1601.859985
185.929993,47.037498,98.309998,1079.23999,1603.069946
184.919998,47.145,98.360001,1075.660034,1610.150024
185.740005,46.974998,98.010002,1060.319946,1612.869995
187.669998,46.875,98.949997,1067.800049,1624.890015
191.779999,46.717499,98.839996,1084.98999,1629.619995
193.990005,47.560001,100.790001,1119.5,1641.540039
193.279999,47.9575,101.669998,1139.290039,1665.27002
192.940002,48.327499,102.190002,1139.660034,1696.349976
191.339996,48.494999,102.489998,1136.880005,1695.75
188.179993,48.365002,100.879997,1123.859985,1689.300049
189.100006,47.924999,101.629997,1120.869995,1683.98999
191.539993,47.807499,101.050003,1129.98999,1689.119995
192.399994,48.07,101.309998,1139.319946,1698.75
192.410004,47.674999,100.849998,1134.790039,1704.859985
196.809998,47.700001,101.419998,1152.119995,1723.859985
195.850006,47.209999,100.129997,1152.26001,1715.969971
198.309998,47.185001,100.860001,1173.459961,1723.790039
197.490005,46.422501,100.860001,1168.060059,1734.780029
202,46.625,101.870003,1169.839966,1750.079956
201.5,46.365002,101.139999,1157.660034,1730.219971
201.740005,46.23,100.410004,1155.47998,1715.670044
196.350006,45.5425,98.389999,1124.810059,1663.150024
199,46.107498,99.080002,1118.459961,1691.089966
195.839996,46.040001,97.540001,1103.97998,1660.51001
196.229996,46.375,98.629997,1114.219971,1701.449951
194.320007,46.2775,98.610001,1115.650024,1699.800049
197.360001,46.794998,100.010002,1127.459961,1713.780029
192.729996,45.98,99.050003,1102.890015,1693.959961
198.449997,46.349998,99.760002,1124.27002,1699.72998
203.229996,46.9925,101.160004,1140.170044,1710.630005
204.740005,47.645,101.849998,1154.050049,1739.02002
203.539993,47.587502,102.120003,1152.839966,1743.069946
202.539993,46.970001,101.980003,1153.900024,1755
206.919998,47.7575,104.190002,1183.47998,1796.619995
207.320007,47.8325,105.43,1188.819946,1813.030029
207.229996,47.727501,104.910004,1183.859985,1822.48999
209.990005,47.862499,105.949997,1198.800049,1843.930054
209.360001,47.599998,105.120003,1195.880005,1842.920044
208.089996,47.970001,104.400002,1186.959961,1812.969971
209.940002,47.860001,106.269997,1184.910034,1813.699951
210.910004,47.9025,107.970001,1205.5,1802
214.669998,48.25,107.660004,1248.079956,1829.23999
217.5,48.705002,110.830002,1263.699951,1863.609985
176.259995,48.552502,109.620003,1268.329956,1808
174.889999,47.744999,107.68,1238.5,1817.27002
171.059998,47.477501,105.370003,1219.73999,1779.219971
172.580002,47.572498,106.080002,1217.26001,1777.439941
171.649994,50.375,106.279999,1220.01001,1797.170044
176.369995,51.8475,107.57,1226.150024,1834.329956
177.779999,51.997501,108.040001,1223.709961,1823.290039
185.690002,52.267502,108.129997,1224.77002,1847.75
183.809998,51.7775,108.879997,1242.219971,1862.47998
185.179993,51.8125,109.489998,1245.609985,1886.52002
183.089996,52.220001,109.669998,1249.099976,1898.52002
180.259995,51.8825,109,1237.609985,1886.300049
180.050003,52.217499,108.209999,1235.01001,1896.199951
181.110001,52.4375,109.559998,1242.099976,1919.650024
179.529999,52.560001,107.660004,1214.380005,1882.619995
174.699997,53.330002,107.639999,1206.48999,1886.52002
173.800003,54.395,107.580002,1200.959961,1882.219971
172.5,53.865002,106.870003,1207.77002,1876.709961
172.619995,53.759998,105.980003,1201.619995,1883.420044
173.639999,53.762501,107.059998,1207.329956,1904.900024
172.899994,53.872501,107.559998,1205.380005,1902.900024
174.649994,54.040001,108.400002,1220.650024,1905.390015
177.460007,54.485001,109.599998,1241.819946,1927.680054
176.259995,54.924999,110.260002,1231.150024,1932.819946
175.899994,55.744999,112.019997,1249.300049,1998.099976
177.639999,56.2575,111.949997,1239.119995,2002.380005
175.729996,56.907501,112.330002,1218.189941,2012.709961
171.160004,57.09,111.709999,1197,2039.51001
167.179993,56.717499,108.489998,1186.47998,1994.819946
162.529999,55.775002,108.739998,1171.439941,1958.310059
163.039993,55.325001,108.209999,1164.829956,1952.069946
164.179993,54.5825,109.379997,1164.640015,1939.01001
165.940002,55.962502,111.239998,1177.359985,1987.150024
162,55.267502,111.709999,1162.819946,1990
161.360001,56.602501,112.910004,1175.329956,1989.869995
162.320007,55.959999,113.370003,1172.530029,1970.189941
160.580002,54.470001,112.139999,1156.050049,1908.030029
160.300003,54.560001,113.209999,1161.219971,1941.050049
163.059998,54.592499,111.699997,1171.089966,1926.420044
166.020004,55.0075,113.57,1186.869995,1944.300049
162.929993,54.415001,114.260002,1166.089966,1915.01001
165.410004,55.197498,114.669998,1173.369995,1934.359985
164.910004,55.547501,114.449997,1184.650024,1974.550049
166.949997,55.105,113.980003,1180.48999,1974.849976
168.839996,56.237499,114.410004,1194.640015,2012.97998
164.460007,56.435001,114.370003,1193.469971,2003
162.440002,56.814999,115.610001,1195.310059,2004.359985
159.330002,57.32,115.150002,1200.109985,1971.310059
162.429993,58.017502,115.169998,1202.949951,1952.76001
158.850006,56.997501,112.790001,1168.189941,1909.420044
157.330002,56.072498,112.129997,1157.349976,1889.650024
157.25,55.942501,110.849998,1148.969971,1864.420044
157.899994,56.717499,112.260002,1138.819946,1870.319946
151.380005,54.09,106.160004,1081.219971,1755.25
153.350006,53.612499,105.910004,1079.319946,1719.359985
153.740005,55.5275,109.57,1110.079956,1788.609985
153.520004,54.34,107.599998,1092.25,1760.949951
158.779999,55.537498,111,1121.280029,1819.959961
159.419998,55.297501,110.709999,1115.689941,1831.72998
154.919998,54.005001,108.5,1087.969971,1770.719971
154.050003,54.827499,108.660004,1096.459961,1764.030029
154.779999,55.162498,109.629997,1101.160034,1789.300049
154.389999,55.682499,108.099998,1103.689941,1768.699951
146.039993,53.772499,102.32,1050.709961,1664.199951
150.949997,54.950001,108.300003,1095.569946,1782.170044
145.369995,54.075001,106.959999,1071.469971,1642.810059
142.089996,53.060001,103.849998,1020.080017,1538.880005
146.220001,53.325001,103.730003,1036.209961,1530.420044
151.789993,54.715,106.809998,1076.77002,1598.01001
151.75,55.555,105.919998,1070,1665.530029
150.350006,51.869999,106.160004,1057.790039,1665.530029
148.679993,50.397499,107.510002,1040.089966,1627.800049
149.940002,50.942501,107.720001,1055.810059,1642.810059
151.529999,52.487499,111.959999,1093.390015,1755.48999
147.869995,52.122501,111.75,1082.400024,1754.910034
144.960007,51.1175,109.57,1066.150024,1712.430054
141.550003,48.5425,106.870003,1038.630005,1636.849976
142.160004,48.057499,106.940002,1036.050049,1631.170044
144.220001,46.700001,104.970001,1043.660034,1599.01001
143.850006,47.852501,107.279999,1064.709961,1619.439941
139.529999,48.3825,108.290001,1061.48999,1593.410034
131.550003,46.465,104.620003,1020,1512.290039
132.429993,44.244999,101.709999,1025.76001,1495.459961
134.820007,44.195,103.110001,1037.609985,1516.72998
131.729996,43.072498,103.07,1023.880005,1502.060059
136.380005,43.654999,106.470001,1048.619995,1581.329956
135,43.560001,107.139999,1044.410034,1581.420044
136.759995,45.235001,111.120003,1086.22998,1677.75
138.679993,44.887501,110.190002,1088.300049,1673.569946
140.610001,44.645,110.889999,1094.430054,1690.170044
141.089996,46.205002,112.089996,1106.430054,1772.359985
137.929993,44.172501,108.519997,1050.819946,1668.400024
139.630005,43.68,109.190002,1068.72998,1699.189941
137.419998,42.122501,104.82,1036.579956,1629.130005
141.850006,42.400002,107.589996,1039.550049,1641.030029
142.080002,42.157501,108.589996,1051.75,1643.23999
144.5,42.275002,109.080002,1063.680054,1663.540039
145.009995,42.737499,109.449997,1061.900024,1658.380005
144.059998,41.369999,106.029999,1042.099976,1591.910034
140.190002,40.985001,102.889999,1016.530029,1520.910034
143.660004,41.517502,103.970001,1028.709961,1551.47998
133.240005,40.2225,103.690002,1023.01001,1495.079956
133.399994,39.2075,101.510002,1009.409973,1460.829956
124.949997,37.682499,98.230003,979.539978,1377.449951
124.059998,36.7075,94.129997,976.219971,1343.959961
134.179993,39.2925,100.559998,1039.459961,1470.900024
134.520004,39.037498,101.18,1043.880005,1461.640015
133.199997,39.057499,100.389999,1037.079956,1478.02002
131.089996,39.435001,101.57,1035.609985,1501.969971
135.679993,39.48,101.120003,1045.849976,1539.130005
131.740005,35.547501,97.400002,1016.059998,1500.280029
137.949997,37.064999,101.93,1070.709961,1575.390015
138.050003,36.982498,102.059998,1068.390015,1629.51001
142.529999,37.6875,102.800003,1076.280029,1656.579956
144.229996,38.327499,104.269997,1074.660034,1659.420044
144.199997,38.450001,103.599998,1070.329956,1656.219971
143.800003,38.072498,102.800003,1057.189941,1640.560059
145.389999,37.5,102.050003,1044.689941,1617.209961
148.949997,38.267502,105.010002,1077.150024,1674.560059
147.539993,38.735001,105.379997,1080.969971,1683.780029
148.300003,38.965,106.120003,1089.900024,1693.219971
150.039993,39.205002,107.709999,1098.26001,1696.199951
147.570007,38.325001,105.68,1070.52002,1632.170044
144.300003,38.48,106.709999,1075.569946,1640.02002
145.830002,38.174999,106.199997,1073.900024,1654.930054
149.009995,39.439999,107.169998,1090.98999,1670.569946
147.470001,39.075001,105.080002,1070.079956,1637.890015
144.190002,38.669998,102.940002,1060.619995,1593.880005
150.419998,41.3125,106.379997,1089.060059,1670.430054
166.690002,41.610001,104.43,1116.369995,1718.72998
165.710007,41.630001,102.779999,1110.75,1626.22998
169.25,42.8125,105.739998,1132.800049,1633.310059
171.160004,43.544998,107.220001,1145.98999,1658.810059
170.490005,43.560001,106.029999,1115.22998,1640.26001
166.380005,42.735001,105.269997,1098.709961,1614.369995
167.330002,42.602501,105.669998,1095.060059,1588.219971
165.789993,42.357498,105.25,1095.01001,1591
165.039993,42.7225,106.889999,1121.369995,1638.01001
164.070007,42.544998,106.809998,1120.160034,1640
163.949997,42.700001,106.900002,1121.670044,1622.650024
162.5,42.605,108.220001,1113.650024,1607.949951
162.289993,42.732498,108.169998,1118.560059,1627.579956
162.559998,43.0075,107.150002,1113.800049,1622.099976
160.039993,42.764999,109.410004,1096.969971,1619.439941
161.889999,43.2425,110.970001,1110.369995,1631.560059
164.619995,43.557499,111.589996,1109.400024,1633
164.130005,43.5825,112.360001,1115.130005,1636.400024
162.809998,43.717499,112.169998,1116.050049,1641.089966
161.449997,43.287498,112.029999,1119.920044,1639.829956
162.279999,43.7425,112.529999,1140.98999,1671.72998
167.369995,43.962502,112.260002,1147.800049,1696.170044
171.259995,43.8825,111.699997,1162.030029,1692.430054
172.509995,43.630001,111.75,1157.859985,1668.949951
169.130005,43.125,110.389999,1143.300049,1625.949951
169.600006,43.227501,110.510002,1142.319946,1620.800049
172.070007,44.724998,112.830002,1175.76001,1670.619995
171.919998,45.227501,113.620003,1193.199951,1673.099976
173.369995,45.427502,114.5,1193.319946,1690.810059
170.169998,45.932499,114.589996,1185.550049,1686.219971
165.979996,46.529999,115.910004,1184.459961,1712.359985
160.470001,47.005001,117.57,1184.26001,1742.150024
161.570007,46.6325,117.650002,1198.849976,1761.849976
165.440002,47.040001,117.519997,1223.969971,1797.27002
166.080002,48.772499,120.220001,1231.540039,1819.26001
164.339996,47.762501,117.050003,1205.5,1764.77002
166.289993,47.185001,117.660004,1193,1774.26001
167.679993,46.697498,117.910004,1184.619995,1783.76001
165.869995,47.1175,116.769997,1173.02002,1765.699951
165.550003,47.18,116.93,1168.48999,1773.420044
166.690002,47.487499,117.940002,1173.310059,1780.75
168.699997,47.810001,119.019997,1194.430054,1814.189941
174.199997,48.505001,119.190002,1200.48999,1813.97998
173.539993,48.837502,119.970001,1205.920044,1820.699951
176.020004,48.922501,119.360001,1215,1818.859985
175.720001,49.25,119.889999,1207.150024,1837.280029
174.929993,50.025002,119.93,1203.839966,1849.859985
177.580002,49.875,119.279999,1197.25,1835.839966
177.820007,50.154999,120.190002,1202.160034,1847.329956
177.509995,49.737499,120.330002,1204.619995,1844.069946
179.100006,49.717499,120.949997,1217.869995,1843.060059
179.649994,49.807499,121.050003,1221.099976,1844.869995
178.869995,49.8125,120.769997,1227.130005,1863.040039
178.779999,50.782501,121.769997,1236.339966,1864.819946
178.279999,50.965,123.370003,1236.369995,1861.689941
181.440002,51.1325,123.760002,1248.839966,1887.310059
183.779999,51.869999,125.440002,1264.550049,1923.77002
182.580002,51.790001,125.010002,1256,1901.75
193.259995,51.32,129.149994,1263.449951,1902.25
191.490005,51.075001,129.889999,1272.180054,1950.630005
194.779999,51.1525,129.770004,1287.579956,1938.430054
193.399994,50.1675,130.600006,1188.47998,1926.52002
193.029999,52.630001,127.879997,1168.079956,1911.52002
192.529999,52.287498,126.209999,1162.609985,1900.819946
195.470001,52.9375,128.899994,1185.400024,1962.459961
193.880005,52.119999,128.149994,1189.390015,1950.550049
189.770004,50.715,125.519997,1174.099976,1921
189.539993,50.724998,125.510002,1166.27002,1917.77002
188.649994,50.18,125.5,1162.380005,1899.869995
188.339996,49.294998,127.129997,1164.27002,1889.97998
181.539993,46.43,123.349998,1132.030029,1822.680054
180.729996,47.165001,124.730003,1120.439941,1840.119995
186.270004,47.73,126.019997,1164.209961,1871.150024
186.990005,47.52,128.929993,1178.97998,1907.569946
185.300003,47.25,128.070007,1162.300049,1869
182.720001,45.772499,126.220001,1138.849976,1858.969971
184.820007,46.650002,126.900002,1149.630005,1857.52002
185.320007,45.695,127.669998,1151.420044,1859.680054
180.869995,44.915001,126.18,1140.77002,1815.47998
181.059998,44.7425,126.239998,1133.469971,1823.280029
184.309998,44.557499,126.160004,1134.150024,1836.430054
182.190002,44.345001,124.940002,1116.459961,1819.189941
183.009995,44.575001,125.730003,1117.949951,1816.319946
177.470001,43.767502,123.68,1103.630005,1775.069946
164.149994,43.325001,119.839996,1036.22998,1692.689941
167.5,44.91,123.160004,1053.050049,1729.560059
168.169998,45.634998,125.830002,1042.219971,1738.5
168.330002,46.305,127.82,1044.339966,1754.359985
173.350006,47.537498,131.399994,1066.040039,1804.030029
174.820007,48.145,132.600006,1080.380005,1860.630005
178.100006,48.702499,132.100006,1078.719971,1863.699951
175.039993,48.547501,131.490005,1077.030029,1855.319946
177.470001,48.537498,132.320007,1088.77002,1870.300049
181.330002,48.185001,132.449997,1085.349976,1869.670044
189.009995,48.4725,132.850006,1092.5,1886.030029
188.470001,49.612499,135.160004,1103.599976,1901.369995
187.479996,49.467499,135.690002,1102.329956,1908.790039
189.529999,49.865002,136.949997,1111.420044,1918.189941
191.139999,49.695,136.970001,1121.880005,1911.300049
192.600006,49.645,137.779999,1115.52002,1913.900024
188.839996,48.892502,133.429993,1086.349976,1878.27002
187.660004,49.950001,133.929993,1079.800049,1897.829956
189.5,49.935001,134.149994,1076.01001,1904.280029
193,49.48,133.960007,1080.910034,1893.630005
193,50.387501,135.679993,1097.949951,1922.189941
195,50.682499,136.580002,1111.25,1934.310059
197.199997,51.102501,137.460007,1121.579956,1939
196.399994,51.057499,137.059998,1131.589966,1942.910034
195.759995,50.005001,136.960007,1116.349976,1952.319946
199.210007,50.310001,136.460007,1124.829956,1988.300049
202.729996,50.807499,137.850006,1140.47998,2017.410034
201.229996,50.4375,138.399994,1144.209961,2001.069946
204.869995,50.825001,138.899994,1144.900024,2011
203.910004,51.302502,138.899994,1150.339966,2020.98999
203.839996,51.125,137.080002,1153.579956,2009.900024
201.800003,50.837502,136.270004,1146.349976,1992.030029
200.779999,51.415001,136.419998,1146.329956,1977.900024
198.360001,50.647499,136.619995,1130.099976,1964.52002
202.320007,51.805,138.429993,1138.069946,1985.630005
202.360001,52.209999,139.289993,1146.209961,1994.48999
204.660004,52.1675,140.720001,1137.810059,2000.810059
200.710007,51.755001,140.190002,1132.119995,1973.819946
199.75,51.935001,141.339996,1250.410034,1943.050049
195.940002,52.419998,141.029999,1239.410034,1912.449951
197.039993,52.195,140.350006,1225.140015,1898.530029
194.229996,53.259998,136.270004,1216.680054,1866.780029
192.729996,52.107498,138.059998,1209.01001,1855.319946
189.020004,51.005001,136.899994,1193.98999,1823.23999
181.729996,48.334999,132.210007,1152.319946,1765.130005
184.509995,49.25,134.690002,1169.949951,1787.829956
185.149994,49.759998,135.279999,1173.98999,1793.400024
190.160004,50.857498,138.889999,1204.800049,1832.890015
187.850006,50.247501,137.710007,1188.01001,1807.579956
185.369995,50.119999,135.789993,1174.709961,1784.920044
188.449997,52.2425,138.600006,1197.27002,1824.339966
179.710007,50.6875,133.979996,1164.290039,1762.959961
182.589996,50.435001,133.679993,1167.26001,1776.119995
183.699997,51.625,136.130005,1177.599976,1792.569946
186.169998,52.587502,138.410004,1198.449951,1816.119995
183.809998,52.59,137.259995,1182.689941,1801.380005
183.550003,53.16,138.789993,1191.25,1823.540039
182.039993,53.115002,137.779999,1189.530029,1804.660034
177.75,50.66,133.389999,1151.290039,1749.619995
180.360001,51.622501,135.449997,1168.890015,1768.869995
181.300003,51.040001,135.740005,1167.839966,1761.829956
181.759995,51.3825,135.559998,1171.02002,1764.25
185.570007,52.252499,138.119995,1192.849976,1786.400024
185.669998,52.185001,137.860001,1188.099976,1776.290039
182.389999,51.424999,136.039993,1168.390015,1789.839966
187.139999,52.297501,137.630005,1181.410034,1800.619995
190.899994,53.32,140.050003,1211.380005,1840.719971
187.490005,53.314999,139.100006,1204.930054,1833.51001
188.759995,53.5425,137.520004,1204.410034,1831.349976
186.169998,54.174999,136.080002,1206,1820.550049
188.490005,55.897499,136.119995,1220.170044,1822.98999
187.470001,55.772499,137.520004,1234.25,1843.550049
187.190002,54.6875,137.320007,1239.560059,1839.339966
186.220001,54.974998,136.330002,1231.300049,1807.839966
188.080002,55.174999,137.389999,1229.150024,1822.550049
188.139999,55.692501,138.520004,1232.410034,1817.459961
190.139999,55.240002,141.070007,1238.709961,1821.5
189.929993,54.432499,139.440002,1229.930054,1794.160034
186.820007,54.68,139.139999,1234.030029,1785.300049
181.279999,54.419998,137.380005,1218.76001,1741.609985
182.800003,55.2575,139.360001,1246.52002,1768.329956
180.110001,54.9725,139.539993,1241.390015,1739.839966
177.100006,54.705002,137.729996,1225.089966,1725.449951
178.080002,55.9925,139.029999,1219,1735.910034
175.809998,56.147499,137.070007,1205.099976,1735.650024
174.600006,54.740002,134.649994,1176.630005,1713.22998
179.380005,55.205002,136.279999,1187.829956,1724.420044
180.449997,56.752499,138.119995,1209,1739.650024
179.679993,56.764999,137.119995,1207.680054,1732.660034
177.75,56.099998,135.669998,1189.130005,1705.51001
179.850006,56.7575,138.240005,1202.310059,1721.98999
180.029999,57.522499,139.100006,1208.670044,1720.26001
184.190002,59.052502,139.679993,1215.449951,1731.920044
183.279999,58.967499,139.550003,1217.140015,1736.430054
188.889999,58.830002,141.570007,1243.01001,1767.380005
189.550003,58.592499,140.410004,1243.640015,1777.430054
190.389999,58.82,139.690002,1253.069946,1787.47998
185.850006,59.102501,137.410004,1245.48999,1757.51001
189.759995,60.127499,138.429993,1246.150024,1785.660034
182.339996,59.990002,136.369995,1242.800049,1765.72998
186.149994,60.794998,137.240005,1259.130005,1762.170044
186.380005,60.895,139.940002,1260.98999,1780.780029
187.889999,61.645,140.729996,1265.130005,1761.329956
189.399994,62.262501,144.190002,1290,1777.079956
189.309998,60.822498,142.830002,1262.619995,1762.709961
188.25,60.814999,144.610001,1261.290039,1779.98999
191.649994,62.189999,143.369995,1260.109985,1776.660034
193.619995,63.955002,143.720001,1273.73999,1791.439941
194.720001,64.375,144.550003,1291.369995,1804.660034
194.320007,64.282501,144.460007,1292.030029,1801.709961
191.550003,64.309998,144.059998,1291.800049,1795.77002
190.419998,64.857498,144.259995,1308.859985,1788.199951
190.839996,65.035004,145.960007,1311.369995,1785.880005
189.610001,65.550003,146.110001,1299.189941,1771.650024
194.470001,65.489998,147.070007,1298.800049,1778
193.190002,66.1175,147.309998,1298,1753.109985
193.149994,65.660004,148.059998,1311.459961,1754.599976
195.100006,66.440002,149.970001,1334.869995,1739.48999
197.399994,66.775002,150.339996,1320.699951,1752.530029
199.320007,66.572502,150.389999,1315.459961,1752.790039
197.509995,65.797501,149.619995,1303.050049,1745.530029
197.929993,65.502502,149.479996,1301.349976,1734.709961
198.820007,65.445,149.589996,1295.339966,1745.719971
199.789993,66.592499,151.229996,1306.689941,1773.839966
198.970001,66.072502,152.029999,1313.550049,1796.939941
202,66.959999,152.320007,1312.98999,1818.51001
201.639999,66.8125,151.380005,1304.959961,1800.800049
199.699997,66.040001,149.550003,1289.920044,1781.599976
198.820007,64.862503,149.309998,1295.280029,1769.959961
198.710007,65.434998,149.850006,1320.540039,1760.689941
199.360001,66.394997,149.929993,1328.130005,1740.47998
201.050003,67.677498,151.75,1340.619995,1751.599976
201.339996,66.730003,151.360001,1343.560059,1749.51001
200.869995,67.120003,151.130005,1344.660034,1739.209961
202.259995,67.692497,151.699997,1345.02002,1748.719971
196.75,67.864998,153.240005,1350.27002,1760.329956
194.110001,68.787498,154.529999,1347.829956,1760.939941
197.919998,69.964996,155.529999,1361.170044,1769.209961
198.389999,70.102501,154.690002,1355.119995,1790.660034
202.5,69.934998,154.369995,1352.619995,1784.030029
206.059998,70.004997,155.710007,1356.040039,1792.280029
206.300003,69.860001,157.410004,1349.589966,1786.5
206.179993,71,157.410004,1348.839966,1793
205.119995,71.067497,157.380005,1343.560059,1789.209961
207.789993,72.477501,158.669998,1360.400024,1868.77002
208.100006,72.449997,158.960007,1351.890015,1869.800049
204.410004,72.879997,157.589996,1336.140015,1846.890015
205.25,73.412498,157.699997,1337.02002,1847.839966
